{
    "type": "Topology",
    "objects": {
        "collection": {
            "type": "GeometryCollection",
            "cp": [
                105.9961,
                37.3096
            ],
            "size": "2100",
            "geometries": [
                {
                    "type": "Polygon",
                    "arcs": [
                        [
                            0,
                            1,
                            2,
                            3,
                            4
                        ]
                    ]
                },
                {
                    "type": "Polygon",
                    "arcs": [
                        [
                            -5,
                            5,
                            6
                        ]
                    ]
                },
                {
                    "type": "MultiPolygon",
                    "arcs": [
                        [
                            [
                                -6,
                                -4,
                                7
                            ]
                        ],
                        [
                            [
                                8
                            ]
                        ]
                    ]
                },
                {
                    "type": "Polygon",
                    "arcs": [
                        [
                            9,
                            10,
                            -2,
                            11
                        ]
                    ]
                },
                {
                    "type": "Polygon",
                    "arcs": [
                        [
                            -10,
                            12
                        ]
                    ]
                }
            ]
        }
    },
    "arcs": [
        [
            [
                3856,
                5925
            ],
            [
                65,
                14
            ],
            [
                33,
                79
            ],
            [
                0,
                106
            ],
            [
                32,
                13
            ],
            [
                131,
                -40
            ],
            [
                229,
                40
            ],
            [
                65,
                0
            ],
            [
                0,
                53
            ],
            [
                131,
                106
            ],
            [
                0,
                39
            ],
            [
                -33,
                93
            ],
            [
                33,
                53
            ],
            [
                -33,
                26
            ],
            [
                98,
                67
            ],
            [
                33,
                66
            ],
            [
                -131,
                119
            ],
            [
                -65,
                185
            ],
            [
                33,
                198
            ],
            [
                130,
                26
            ],
            [
                66,
                106
            ]
        ],
        [
            [
                4673,
                7274
            ],
            [
                98,
                0
            ],
            [
                65,
                -53
            ],
            [
                164,
                -39
            ],
            [
                0,
                -27
            ],
            [
                -98,
                -172
            ],
            [
                98,
                0
            ],
            [
                32,
                93
            ],
            [
                33,
                53
            ],
            [
                33,
                0
            ],
            [
                32,
                -40
            ],
            [
                98,
                -26
            ],
            [
                131,
                92
            ],
            [
                33,
                -13
            ],
            [
                -33,
                -26
            ],
            [
                -33,
                0
            ],
            [
                0,
                -27
            ],
            [
                98,
                0
            ],
            [
                0,
                -13
            ],
            [
                33,
                -40
            ],
            [
                0,
                -26
            ],
            [
                164,
                0
            ],
            [
                97,
                -66
            ],
            [
                33,
                -53
            ],
            [
                -33,
                -93
            ],
            [
                66,
                -53
            ],
            [
                98,
                -132
            ],
            [
                65,
                13
            ],
            [
                66,
                -26
            ],
            [
                0,
                -26
            ],
            [
                -66,
                -53
            ],
            [
                33,
                -14
            ],
            [
                65,
                -13
            ],
            [
                33,
                -26
            ],
            [
                65,
                -14
            ],
            [
                0,
                -92
            ],
            [
                -32,
                -13
            ],
            [
                -131,
                0
            ],
            [
                -33,
                -14
            ],
            [
                0,
                -92
            ],
            [
                0,
                -27
            ],
            [
                33,
                -13
            ],
            [
                33,
                -53
            ],
            [
                -66,
                -26
            ],
            [
                -98,
                13
            ],
            [
                -32,
                -26
            ],
            [
                32,
                -53
            ],
            [
                65,
                -53
            ],
            [
                33,
                -66
            ],
            [
                -33,
                -67
            ],
            [
                33,
                -39
            ],
            [
                0,
                -66
            ],
            [
                98,
                -66
            ],
            [
                0,
                -40
            ],
            [
                33,
                -13
            ],
            [
                98,
                -14
            ],
            [
                0,
                -39
            ],
            [
                33,
                -93
            ],
            [
                196,
                -66
            ],
            [
                98,
                -13
            ],
            [
                65,
                13
            ],
            [
                33,
                26
            ],
            [
                0,
                14
            ],
            [
                65,
                26
            ],
            [
                98,
                27
            ],
            [
                33,
                53
            ],
            [
                -33,
                79
            ],
            [
                229,
                132
            ],
            [
                163,
                -26
            ],
            [
                196,
                -14
            ],
            [
                -32,
                159
            ],
            [
                0,
                53
            ],
            [
                228,
                146
            ],
            [
                98,
                79
            ],
            [
                0,
                119
            ],
            [
                -130,
                0
            ],
            [
                -33,
                185
            ],
            [
                -33,
                27
            ],
            [
                -32,
                0
            ],
            [
                -33,
                66
            ],
            [
                -33,
                66
            ],
            [
                33,
                53
            ],
            [
                98,
                39
            ],
            [
                98,
                -13
            ],
            [
                98,
                40
            ],
            [
                -163,
                185
            ],
            [
                -33,
                40
            ],
            [
                33,
                39
            ]
        ],
        [
            [
                7516,
                7036
            ],
            [
                620,
                -105
            ],
            [
                33,
                0
            ],
            [
                33,
                26
            ],
            [
                196,
                26
            ],
            [
                33,
                53
            ],
            [
                163,
                -13
            ],
            [
                65,
                -53
            ],
            [
                66,
                -26
            ],
            [
                261,
                -80
            ],
            [
                164,
                -132
            ],
            [
                97,
                -40
            ],
            [
                66,
                -39
            ],
            [
                -66,
                -119
            ],
            [
                131,
                -27
            ],
            [
                33,
                27
            ],
            [
                98,
                -13
            ],
            [
                33,
                -53
            ],
            [
                130,
                -53
            ],
            [
                262,
                -40
            ],
            [
                32,
                -26
            ],
            [
                0,
                -80
            ],
            [
                33,
                -40
            ],
            [
                -65,
                0
            ],
            [
                0,
                -65
            ],
            [
                -66,
                -40
            ],
            [
                -98,
                53
            ],
            [
                0,
                -13
            ],
            [
                0,
                -27
            ],
            [
                -228,
                -26
            ],
            [
                -33,
                -14
            ],
            [
                33,
                -26
            ],
            [
                -98,
                -159
            ],
            [
                -98,
                0
            ],
            [
                -33,
                -13
            ],
            [
                -131,
                40
            ],
            [
                0,
                -40
            ],
            [
                65,
                -27
            ],
            [
                0,
                -39
            ],
            [
                -65,
                13
            ],
            [
                -32,
                -13
            ],
            [
                32,
                0
            ],
            [
                0,
                -27
            ],
            [
                -65,
                -66
            ],
            [
                -163,
                -13
            ],
            [
                130,
                -106
            ],
            [
                66,
                13
            ],
            [
                0,
                -52
            ],
            [
                -66,
                -67
            ],
            [
                -65,
                -26
            ],
            [
                -65,
                -53
            ],
            [
                0,
                13
            ],
            [
                -33,
                -13
            ],
            [
                -98,
                -357
            ],
            [
                32,
                -53
            ],
            [
                66,
                -93
            ],
            [
                65,
                -26
            ],
            [
                0,
                -53
            ],
            [
                0,
                -26
            ],
            [
                -98,
                -14
            ],
            [
                98,
                -92
            ],
            [
                33,
                -13
            ],
            [
                65,
                -53
            ],
            [
                -33,
                -66
            ],
            [
                -65,
                -80
            ],
            [
                -98,
                53
            ],
            [
                33,
                -93
            ],
            [
                -33,
                -13
            ],
            [
                -65,
                40
            ],
            [
                -66,
                -13
            ],
            [
                -163,
                106
            ],
            [
                -131,
                -14
            ],
            [
                -98,
                -53
            ],
            [
                -65,
                27
            ],
            [
                -65,
                -13
            ],
            [
                -99,
                39
            ],
            [
                0,
                -26
            ],
            [
                0,
                -40
            ],
            [
                -98,
                27
            ],
            [
                -65,
                -27
            ],
            [
                -65,
                53
            ],
            [
                -131,
                40
            ],
            [
                -65,
                -13
            ],
            [
                65,
                -40
            ],
            [
                -33,
                -13
            ],
            [
                0,
                -27
            ],
            [
                -32,
                -13
            ],
            [
                -66,
                40
            ],
            [
                -32,
                -14
            ],
            [
                -229,
                106
            ],
            [
                -33,
                -39
            ],
            [
                0,
                -53
            ],
            [
                -32,
                -40
            ],
            [
                0,
                -40
            ],
            [
                -98,
                80
            ],
            [
                -66,
                0
            ],
            [
                -33,
                -27
            ],
            [
                -32,
                13
            ],
            [
                -33,
                -13
            ],
            [
                0,
                40
            ],
            [
                -65,
                -13
            ],
            [
                -66,
                39
            ],
            [
                -32,
                -13
            ],
            [
                0,
                -26
            ],
            [
                32,
                -67
            ],
            [
                66,
                -52
            ],
            [
                33,
                -80
            ],
            [
                -33,
                -40
            ],
            [
                0,
                -52
            ],
            [
                0,
                -93
            ],
            [
                -66,
                -13
            ],
            [
                -97,
                13
            ],
            [
                32,
                -53
            ],
            [
                -65,
                -13
            ],
            [
                0,
                13
            ],
            [
                0,
                13
            ],
            [
                -33,
                27
            ],
            [
                -65,
                66
            ],
            [
                -33,
                -13
            ],
            [
                65,
                -66
            ],
            [
                -32,
                -27
            ],
            [
                65,
                -26
            ],
            [
                131,
                -119
            ],
            [
                32,
                26
            ],
            [
                66,
                -13
            ],
            [
                -33,
                -66
            ],
            [
                33,
                -27
            ],
            [
                0,
                -39
            ],
            [
                33,
                -14
            ],
            [
                0,
                -39
            ],
            [
                -33,
                -40
            ],
            [
                -33,
                -66
            ],
            [
                0,
                -26
            ],
            [
                0,
                -40
            ],
            [
                66,
                -40
            ],
            [
                -66,
                0
            ],
            [
                -163,
                80
            ],
            [
                -33,
                -53
            ],
            [
                -33,
                26
            ],
            [
                -65,
                -26
            ],
            [
                -33,
                -40
            ],
            [
                -32,
                0
            ],
            [
                65,
                -66
            ],
            [
                -65,
                13
            ],
            [
                -66,
                -27
            ],
            [
                33,
                -79
            ],
            [
                -65,
                -26
            ],
            [
                32,
                -27
            ],
            [
                -65,
                -26
            ],
            [
                -65,
                13
            ],
            [
                0,
                -13
            ]
        ],
        [
            [
                6405,
                3320
            ],
            [
                -66,
                39
            ],
            [
                -32,
                -39
            ],
            [
                -98,
                0
            ],
            [
                0,
                -27
            ],
            [
                -196,
                -39
            ],
            [
                -66,
                13
            ],
            [
                -65,
                53
            ],
            [
                -65,
                -40
            ],
            [
                -66,
                0
            ],
            [
                0,
                -53
            ],
            [
                -98,
                27
            ],
            [
                -98,
                -40
            ]
        ],
        [
            [
                5555,
                3214
            ],
            [
                -33,
                27
            ],
            [
                0,
                79
            ],
            [
                -98,
                66
            ],
            [
                -32,
                106
            ],
            [
                -98,
                79
            ],
            [
                0,
                80
            ],
            [
                -98,
                79
            ],
            [
                0,
                26
            ],
            [
                -33,
                53
            ],
            [
                -65,
                27
            ],
            [
                -98,
                0
            ],
            [
                32,
                52
            ],
            [
                0,
                40
            ],
            [
                -32,
                13
            ],
            [
                -33,
                40
            ],
            [
                -33,
                13
            ],
            [
                33,
                27
            ],
            [
                -33,
                0
            ],
            [
                -65,
                39
            ],
            [
                -33,
                14
            ],
            [
                0,
                26
            ],
            [
                -33,
                40
            ],
            [
                -98,
                0
            ],
            [
                -98,
                53
            ],
            [
                -196,
                251
            ],
            [
                -32,
                13
            ],
            [
                -98,
                0
            ],
            [
                -131,
                93
            ],
            [
                -65,
                132
            ],
            [
                0,
                66
            ],
            [
                -99,
                66
            ],
            [
                131,
                40
            ],
            [
                66,
                -93
            ],
            [
                -33,
                -39
            ],
            [
                98,
                -66
            ],
            [
                163,
                53
            ],
            [
                -98,
                185
            ],
            [
                164,
                66
            ],
            [
                425,
                -13
            ],
            [
                32,
                26
            ],
            [
                -32,
                13
            ],
            [
                -229,
                80
            ],
            [
                -33,
                39
            ],
            [
                131,
                40
            ],
            [
                -66,
                27
            ],
            [
                33,
                26
            ],
            [
                196,
                40
            ],
            [
                -32,
                39
            ],
            [
                32,
                13
            ],
            [
                98,
                0
            ],
            [
                -65,
                67
            ],
            [
                163,
                13
            ],
            [
                66,
                26
            ],
            [
                0,
                27
            ],
            [
                130,
                79
            ],
            [
                -32,
                40
            ],
            [
                -98,
                13
            ],
            [
                -98,
                53
            ],
            [
                0,
                40
            ],
            [
                65,
                119
            ],
            [
                -33,
                13
            ],
            [
                33,
                79
            ],
            [
                -98,
                133
            ],
            [
                0,
                52
            ],
            [
                -65,
                14
            ],
            [
                0,
                -80
            ],
            [
                -98,
                -119
            ],
            [
                -33,
                0
            ],
            [
                0,
                -40
            ],
            [
                -33,
                -66
            ],
            [
                -65,
                -13
            ],
            [
                -33,
                13
            ],
            [
                33,
                66
            ],
            [
                -33,
                27
            ],
            [
                33,
                66
            ],
            [
                0,
                80
            ],
            [
                -131,
                0
            ],
            [
                -65,
                -27
            ],
            [
                -131,
                0
            ],
            [
                -65,
                -13
            ],
            [
                -164,
                13
            ],
            [
                -196,
                -40
            ],
            [
                -163,
                0
            ]
        ],
        [
            [
                5555,
                3214
            ],
            [
                -229,
                -66
            ],
            [
                -65,
                0
            ],
            [
                0,
                -27
            ],
            [
                0,
                -13
            ],
            [
                -65,
                -13
            ],
            [
                -33,
                -53
            ],
            [
                -33,
                0
            ],
            [
                -32,
                -40
            ],
            [
                98,
                -39
            ],
            [
                32,
                -80
            ],
            [
                0,
                -66
            ],
            [
                -32,
                -39
            ],
            [
                -33,
                -14
            ],
            [
                -65,
                -66
            ],
            [
                0,
                -26
            ],
            [
                32,
                -40
            ],
            [
                -32,
                -40
            ],
            [
                -66,
                14
            ],
            [
                -32,
                -106
            ],
            [
                65,
                -53
            ],
            [
                0,
                -145
            ],
            [
                -163,
                39
            ],
            [
                -164,
                0
            ],
            [
                -65,
                -106
            ],
            [
                -33,
                0
            ],
            [
                -33,
                -39
            ],
            [
                -130,
                -67
            ],
            [
                -66,
                40
            ],
            [
                -98,
                -13
            ],
            [
                98,
                79
            ],
            [
                0,
                27
            ],
            [
                -32,
                13
            ],
            [
                -66,
                13
            ],
            [
                -32,
                -26
            ],
            [
                -66,
                13
            ],
            [
                -98,
                -66
            ],
            [
                -32,
                0
            ],
            [
                -99,
                53
            ],
            [
                -97,
                119
            ],
            [
                -66,
                13
            ],
            [
                -163,
                -66
            ],
            [
                -66,
                0
            ],
            [
                -32,
                -53
            ]
        ],
        [
            [
                3562,
                2275
            ],
            [
                -98,
                132
            ],
            [
                33,
                27
            ],
            [
                -33,
                39
            ],
            [
                65,
                27
            ],
            [
                0,
                39
            ],
            [
                -65,
                67
            ],
            [
                -98,
                26
            ],
            [
                -66,
                66
            ],
            [
                -32,
                40
            ],
            [
                65,
                13
            ],
            [
                -33,
                27
            ],
            [
                0,
                92
            ],
            [
                -65,
                27
            ],
            [
                -33,
                -14
            ],
            [
                -32,
                146
            ],
            [
                -98,
                92
            ],
            [
                -66,
                -26
            ],
            [
                -98,
                0
            ],
            [
                -65,
                53
            ],
            [
                0,
                13
            ],
            [
                65,
                27
            ],
            [
                0,
                39
            ],
            [
                -32,
                53
            ],
            [
                -66,
                13
            ],
            [
                -32,
                53
            ],
            [
                0,
                80
            ],
            [
                -66,
                79
            ],
            [
                0,
                26
            ],
            [
                66,
                67
            ],
            [
                130,
                13
            ],
            [
                33,
                26
            ],
            [
                65,
                -13
            ],
            [
                66,
                13
            ],
            [
                32,
                27
            ],
            [
                0,
                106
            ],
            [
                0,
                13
            ],
            [
                -65,
                -13
            ],
            [
                -33,
                13
            ],
            [
                33,
                39
            ],
            [
                -65,
                40
            ],
            [
                -33,
                13
            ],
            [
                0,
                53
            ],
            [
                -65,
                27
            ],
            [
                -33,
                0
            ],
            [
                -65,
                26
            ],
            [
                -98,
                0
            ],
            [
                -33,
                185
            ],
            [
                -33,
                53
            ],
            [
                -196,
                27
            ],
            [
                -130,
                52
            ],
            [
                -66,
                -39
            ],
            [
                -33,
                39
            ],
            [
                -65,
                27
            ],
            [
                -163,
                0
            ],
            [
                0,
                13
            ],
            [
                0,
                106
            ],
            [
                -98,
                26
            ],
            [
                0,
                40
            ],
            [
                -66,
                40
            ],
            [
                0,
                66
            ],
            [
                -98,
                53
            ],
            [
                -33,
                79
            ],
            [
                -130,
                40
            ],
            [
                -98,
                40
            ],
            [
                -33,
                0
            ],
            [
                -131,
                -93
            ],
            [
                -163,
                0
            ],
            [
                -33,
                13
            ],
            [
                0,
                -13
            ],
            [
                -32,
                0
            ],
            [
                -66,
                26
            ],
            [
                -65,
                80
            ],
            [
                33,
                66
            ],
            [
                32,
                0
            ],
            [
                0,
                53
            ],
            [
                98,
                -13
            ],
            [
                66,
                53
            ],
            [
                130,
                52
            ],
            [
                0,
                27
            ],
            [
                -65,
                0
            ],
            [
                -98,
                26
            ],
            [
                -33,
                40
            ],
            [
                66,
                79
            ],
            [
                0,
                14
            ],
            [
                -98,
                13
            ],
            [
                -66,
                -13
            ],
            [
                -228,
                26
            ],
            [
                -66,
                26
            ],
            [
                -65,
                -26
            ],
            [
                -131,
                -13
            ],
            [
                -33,
                13
            ],
            [
                -32,
                40
            ],
            [
                0,
                13
            ],
            [
                -294,
                -66
            ],
            [
                -98,
                -13
            ],
            [
                -33,
                26
            ],
            [
                98,
                53
            ],
            [
                33,
                -27
            ],
            [
                65,
                0
            ],
            [
                33,
                40
            ],
            [
                98,
                13
            ],
            [
                33,
                119
            ],
            [
                1110,
                40
            ],
            [
                229,
                66
            ],
            [
                392,
                66
            ],
            [
                785,
                252
            ],
            [
                326,
                79
            ],
            [
                392,
                -40
            ],
            [
                262,
                0
            ]
        ],
        [
            [
                6405,
                3320
            ],
            [
                0,
                -40
            ],
            [
                32,
                -26
            ],
            [
                -32,
                -27
            ],
            [
                32,
                -53
            ],
            [
                -98,
                0
            ],
            [
                -65,
                40
            ],
            [
                -33,
                -40
            ],
            [
                -65,
                40
            ],
            [
                -33,
                0
            ],
            [
                33,
                -66
            ],
            [
                131,
                -27
            ],
            [
                0,
                -39
            ],
            [
                65,
                0
            ],
            [
                65,
                -53
            ],
            [
                66,
                0
            ],
            [
                0,
                -40
            ],
            [
                65,
                27
            ],
            [
                65,
                -53
            ],
            [
                0,
                -27
            ],
            [
                -65,
                -53
            ],
            [
                33,
                -39
            ],
            [
                -66,
                0
            ],
            [
                0,
                -40
            ],
            [
                98,
                -26
            ],
            [
                33,
                -40
            ],
            [
                -98,
                13
            ],
            [
                0,
                -132
            ],
            [
                0,
                -13
            ],
            [
                33,
                -40
            ],
            [
                0,
                -40
            ],
            [
                -98,
                66
            ],
            [
                -33,
                -13
            ],
            [
                0,
                -13
            ],
            [
                65,
                -53
            ],
            [
                33,
                -40
            ],
            [
                33,
                14
            ],
            [
                65,
                -40
            ],
            [
                65,
                13
            ],
            [
                0,
                79
            ],
            [
                33,
                0
            ],
            [
                98,
                -52
            ],
            [
                0,
                52
            ],
            [
                33,
                -39
            ],
            [
                65,
                -27
            ],
            [
                33,
                40
            ],
            [
                0,
                -53
            ],
            [
                33,
                13
            ],
            [
                65,
                14
            ],
            [
                98,
                -80
            ],
            [
                33,
                -26
            ],
            [
                65,
                13
            ],
            [
                65,
                -40
            ],
            [
                98,
                27
            ],
            [
                33,
                -40
            ],
            [
                33,
                27
            ],
            [
                0,
                -14
            ],
            [
                32,
                27
            ],
            [
                33,
                -53
            ],
            [
                33,
                -13
            ],
            [
                65,
                -53
            ],
            [
                65,
                -13
            ],
            [
                33,
                -40
            ],
            [
                0,
                -40
            ],
            [
                33,
                -26
            ],
            [
                0,
                -14
            ],
            [
                32,
                40
            ],
            [
                0,
                -53
            ],
            [
                66,
                13
            ],
            [
                -33,
                -52
            ],
            [
                65,
                -27
            ],
            [
                -65,
                -79
            ],
            [
                0,
                -14
            ],
            [
                0,
                -39
            ],
            [
                -33,
                -26
            ],
            [
                0,
                -40
            ],
            [
                66,
                -13
            ],
            [
                -33,
                -40
            ],
            [
                -65,
                -40
            ],
            [
                -33,
                -132
            ],
            [
                -65,
                13
            ],
            [
                -66,
                -40
            ],
            [
                0,
                -13
            ],
            [
                -32,
                -13
            ],
            [
                0,
                -27
            ],
            [
                98,
                0
            ],
            [
                0,
                -26
            ],
            [
                -33,
                0
            ],
            [
                0,
                -40
            ],
            [
                33,
                14
            ],
            [
                32,
                -80
            ],
            [
                33,
                13
            ],
            [
                33,
                -39
            ],
            [
                32,
                -13
            ],
            [
                -98,
                -14
            ],
            [
                66,
                -39
            ],
            [
                -33,
                -53
            ],
            [
                -33,
                26
            ],
            [
                0,
                -39
            ],
            [
                -65,
                39
            ],
            [
                -33,
                -92
            ],
            [
                -32,
                13
            ],
            [
                -66,
                -13
            ],
            [
                -32,
                13
            ],
            [
                0,
                -66
            ],
            [
                -33,
                -13
            ],
            [
                -131,
                26
            ],
            [
                0,
                13
            ],
            [
                -32,
                0
            ],
            [
                -33,
                -66
            ],
            [
                33,
                0
            ],
            [
                0,
                -26
            ],
            [
                -66,
                0
            ],
            [
                -131,
                53
            ],
            [
                -32,
                39
            ],
            [
                0,
                -26
            ],
            [
                -65,
                -27
            ],
            [
                -66,
                27
            ],
            [
                -33,
                66
            ],
            [
                -32,
                -27
            ],
            [
                -33,
                27
            ],
            [
                0,
                -40
            ],
            [
                -196,
                40
            ],
            [
                0,
                -40
            ],
            [
                -33,
                27
            ],
            [
                -65,
                -14
            ],
            [
                -33,
                -26
            ],
            [
                -98,
                -26
            ],
            [
                -32,
                -40
            ],
            [
                -33,
                -13
            ],
            [
                0,
                -67
            ],
            [
                65,
                -53
            ],
            [
                0,
                -13
            ],
            [
                33,
                -26
            ],
            [
                0,
                -40
            ],
            [
                33,
                -66
            ],
            [
                -66,
                0
            ],
            [
                -32,
                -53
            ],
            [
                32,
                -39
            ],
            [
                -32,
                -40
            ],
            [
                65,
                -53
            ],
            [
                0,
                -40
            ],
            [
                65,
                -13
            ],
            [
                -32,
                -66
            ],
            [
                65,
                -79
            ],
            [
                -33,
                -66
            ],
            [
                66,
                -80
            ],
            [
                -66,
                -13
            ],
            [
                0,
                -66
            ],
            [
                -65,
                -40
            ],
            [
                -98,
                -26
            ],
            [
                -65,
                -53
            ],
            [
                -66,
                -14
            ],
            [
                -65,
                0
            ],
            [
                33,
                -53
            ],
            [
                -66,
                -26
            ],
            [
                -32,
                40
            ],
            [
                -33,
                0
            ],
            [
                -33,
                26
            ],
            [
                -32,
                53
            ],
            [
                -33,
                0
            ],
            [
                -66,
                27
            ],
            [
                0,
                66
            ],
            [
                -65,
                26
            ],
            [
                -65,
                40
            ],
            [
                33,
                53
            ],
            [
                -33,
                79
            ],
            [
                -131,
                0
            ],
            [
                -32,
                40
            ],
            [
                -33,
                26
            ],
            [
                0,
                -39
            ],
            [
                -131,
                -53
            ],
            [
                0,
                -53
            ],
            [
                -65,
                -27
            ],
            [
                0,
                80
            ],
            [
                -66,
                13
            ],
            [
                -32,
                119
            ],
            [
                0,
                79
            ],
            [
                65,
                27
            ],
            [
                0,
                26
            ],
            [
                -33,
                0
            ],
            [
                -32,
                -40
            ],
            [
                -33,
                27
            ],
            [
                -131,
                -27
            ],
            [
                -32,
                40
            ],
            [
                32,
                13
            ],
            [
                -32,
                27
            ],
            [
                0,
                -13
            ],
            [
                -33,
                26
            ],
            [
                -262,
                27
            ],
            [
                -32,
                13
            ],
            [
                -33,
                0
            ],
            [
                -33,
                -27
            ],
            [
                -32,
                14
            ],
            [
                0,
                -67
            ],
            [
                -66,
                -53
            ],
            [
                -32,
                14
            ],
            [
                0,
                106
            ],
            [
                -33,
                -14
            ],
            [
                0,
                53
            ],
            [
                0,
                40
            ],
            [
                -65,
                -13
            ],
            [
                -66,
                39
            ],
            [
                33,
                27
            ],
            [
                -98,
                40
            ],
            [
                33,
                39
            ],
            [
                -33,
                13
            ],
            [
                0,
                -26
            ],
            [
                -33,
                13
            ],
            [
                0,
                26
            ],
            [
                -65,
                0
            ],
            [
                0,
                14
            ],
            [
                0,
                66
            ],
            [
                -98,
                40
            ],
            [
                33,
                26
            ],
            [
                32,
                13
            ],
            [
                33,
                53
            ],
            [
                33,
                -66
            ],
            [
                32,
                0
            ],
            [
                33,
                40
            ],
            [
                0,
                39
            ],
            [
                -65,
                -26
            ],
            [
                -66,
                40
            ],
            [
                -65,
                0
            ],
            [
                0,
                13
            ],
            [
                -33,
                -13
            ],
            [
                -32,
                26
            ],
            [
                -196,
                -66
            ],
            [
                0,
                -13
            ],
            [
                -66,
                0
            ],
            [
                -33,
                -53
            ],
            [
                -32,
                -13
            ],
            [
                32,
                66
            ],
            [
                -32,
                13
            ],
            [
                -196,
                0
            ],
            [
                -33,
                26
            ],
            [
                -32,
                53
            ],
            [
                -33,
                -13
            ],
            [
                0,
                66
            ],
            [
                -66,
                27
            ],
            [
                -32,
                79
            ],
            [
                0,
                -13
            ],
            [
                -33,
                13
            ],
            [
                -98,
                -66
            ],
            [
                -33,
                26
            ],
            [
                33,
                27
            ],
            [
                -33,
                66
            ],
            [
                33,
                26
            ],
            [
                33,
                -13
            ],
            [
                32,
                27
            ],
            [
                -65,
                26
            ],
            [
                -131,
                26
            ],
            [
                0,
                27
            ],
            [
                -32,
                40
            ],
            [
                32,
                0
            ],
            [
                -32,
                79
            ],
            [
                32,
                27
            ],
            [
                0,
                105
            ],
            [
                0,
                14
            ],
            [
                33,
                66
            ],
            [
                33,
                13
            ],
            [
                0,
                26
            ],
            [
                98,
                40
            ],
            [
                98,
                93
            ],
            [
                98,
                13
            ],
            [
                65,
                -13
            ],
            [
                33,
                13
            ],
            [
                32,
                66
            ],
            [
                33,
                26
            ],
            [
                -65,
                40
            ],
            [
                0,
                53
            ]
        ],
        [
            [
                5065,
                503
            ],
            [
                0,
                13
            ],
            [
                0,
                -40
            ],
            [
                -98,
                -26
            ],
            [
                0,
                13
            ],
            [
                -33,
                -13
            ],
            [
                -163,
                -27
            ],
            [
                -33,
                66
            ],
            [
                33,
                27
            ],
            [
                65,
                0
            ],
            [
                327,
                79
            ],
            [
                98,
                13
            ],
            [
                -33,
                -92
            ],
            [
                -32,
                0
            ],
            [
                -33,
                40
            ],
            [
                -33,
                -27
            ],
            [
                -32,
                -40
            ],
            [
                0,
                -13
            ],
            [
                -33,
                27
            ]
        ],
        [
            [
                5130,
                8742
            ],
            [
                131,
                -26
            ],
            [
                131,
                -66
            ],
            [
                32,
                -13
            ],
            [
                0,
                -27
            ],
            [
                33,
                -26
            ],
            [
                229,
                -27
            ],
            [
                131,
                40
            ],
            [
                130,
                -66
            ],
            [
                98,
                26
            ],
            [
                0,
                -52
            ],
            [
                66,
                26
            ],
            [
                130,
                0
            ],
            [
                0,
                -13
            ],
            [
                -32,
                -40
            ],
            [
                32,
                -13
            ],
            [
                0,
                -13
            ],
            [
                98,
                -80
            ],
            [
                66,
                0
            ],
            [
                -33,
                -40
            ],
            [
                33,
                -26
            ],
            [
                65,
                13
            ],
            [
                0,
                27
            ],
            [
                65,
                0
            ],
            [
                295,
                -66
            ],
            [
                0,
                -27
            ],
            [
                65,
                -40
            ],
            [
                131,
                0
            ],
            [
                -33,
                -39
            ],
            [
                65,
                -40
            ]
        ],
        [
            [
                7058,
                8134
            ],
            [
                -65,
                -278
            ],
            [
                0,
                -39
            ],
            [
                -98,
                -146
            ],
            [
                -392,
                -211
            ],
            [
                0,
                -40
            ],
            [
                196,
                -159
            ],
            [
                817,
                -225
            ]
        ],
        [
            [
                4673,
                7274
            ],
            [
                32,
                93
            ],
            [
                -98,
                79
            ],
            [
                0,
                53
            ],
            [
                33,
                53
            ],
            [
                -33,
                106
            ],
            [
                66,
                26
            ],
            [
                -33,
                93
            ],
            [
                33,
                93
            ],
            [
                32,
                53
            ],
            [
                0,
                119
            ],
            [
                33,
                26
            ],
            [
                -33,
                53
            ],
            [
                0,
                66
            ],
            [
                98,
                106
            ],
            [
                0,
                79
            ],
            [
                33,
                13
            ],
            [
                0,
                120
            ],
            [
                98,
                52
            ],
            [
                33,
                66
            ],
            [
                131,
                80
            ],
            [
                32,
                39
            ]
        ],
        [
            [
                5130,
                8742
            ],
            [
                -65,
                14
            ],
            [
                -33,
                26
            ],
            [
                131,
                106
            ],
            [
                0,
                13
            ],
            [
                98,
                53
            ],
            [
                33,
                13
            ],
            [
                32,
                27
            ],
            [
                66,
                92
            ],
            [
                -33,
                27
            ],
            [
                0,
                66
            ],
            [
                65,
                79
            ],
            [
                33,
                14
            ],
            [
                0,
                26
            ],
            [
                0,
                40
            ],
            [
                98,
                79
            ],
            [
                66,
                0
            ],
            [
                65,
                -26
            ],
            [
                163,
                -27
            ],
            [
                33,
                13
            ],
            [
                65,
                14
            ],
            [
                33,
                39
            ],
            [
                -33,
                93
            ],
            [
                33,
                66
            ],
            [
                -33,
                66
            ],
            [
                0,
                66
            ],
            [
                556,
                13
            ],
            [
                130,
                67
            ],
            [
                262,
                172
            ],
            [
                131,
                -53
            ],
            [
                97,
                -14
            ],
            [
                164,
                93
            ],
            [
                33,
                -40
            ],
            [
                98,
                -26
            ],
            [
                0,
                -66
            ],
            [
                32,
                -40
            ],
            [
                0,
                -93
            ],
            [
                -32,
                -105
            ],
            [
                196,
                -238
            ],
            [
                -33,
                -40
            ],
            [
                0,
                -93
            ],
            [
                98,
                40
            ],
            [
                196,
                -53
            ],
            [
                98,
                -53
            ],
            [
                0,
                -132
            ],
            [
                -33,
                -132
            ],
            [
                -359,
                -212
            ],
            [
                -163,
                -159
            ],
            [
                -229,
                -132
            ],
            [
                -131,
                -291
            ]
        ]
    ],
    "bbox": [
        104.2932,
        35.2386,
        107.655,
        39.3915
    ],
    "transform": {
        "scale": [
            0.0003362136213621364,
            0.0004153315331533156
        ],
        "translate": [
            104.2932,
            35.2386
        ]
    }
}