{
    "type": "Topology",
    "objects": {
        "collection": {
            "type": "GeometryCollection",
            "cp": [
                125.7746,
                43.5938
            ],
            "size": "1120",
            "geometries": [
                {
                    "type": "Polygon",
                    "arcs": [
                        [
                            0,
                            1,
                            2
                        ]
                    ]
                },
                {
                    "type": "Polygon",
                    "arcs": [
                        [
                            3,
                            4,
                            -3,
                            5,
                            6,
                            7,
                            8
                        ]
                    ]
                },
                {
                    "type": "Polygon",
                    "arcs": [
                        [
                            9,
                            10
                        ]
                    ]
                },
                {
                    "type": "Polygon",
                    "arcs": [
                        [
                            -10,
                            11,
                            12,
                            13,
                            14
                        ]
                    ]
                },
                {
                    "type": "Polygon",
                    "arcs": [
                        [
                            15,
                            -4,
                            16,
                            -13
                        ]
                    ]
                },
                {
                    "type": "Polygon",
                    "arcs": [
                        [
                            -6,
                            -2,
                            17,
                            18
                        ]
                    ]
                },
                {
                    "type": "Polygon",
                    "arcs": [
                        [
                            19,
                            -7,
                            -19,
                            20
                        ]
                    ]
                },
                {
                    "type": "Polygon",
                    "arcs": [
                        [
                            -14,
                            -17,
                            -9,
                            21,
                            22
                        ]
                    ]
                },
                {
                    "type": "Polygon",
                    "arcs": [
                        [
                            -22,
                            -8,
                            -20,
                            23
                        ]
                    ]
                }
            ]
        }
    },
    "arcs": [
        [
            [
                6431,
                5878
            ],
            [
                182,
                81
            ],
            [
                57,
                51
            ],
            [
                -12,
                50
            ],
            [
                -34,
                20
            ],
            [
                34,
                20
            ],
            [
                0,
                61
            ],
            [
                12,
                20
            ],
            [
                -34,
                61
            ],
            [
                34,
                60
            ],
            [
                -34,
                31
            ],
            [
                -12,
                80
            ],
            [
                12,
                41
            ],
            [
                22,
                -30
            ],
            [
                80,
                -21
            ],
            [
                57,
                182
            ],
            [
                34,
                0
            ],
            [
                91,
                111
            ],
            [
                34,
                10
            ],
            [
                91,
                -141
            ],
            [
                -12,
                -30
            ],
            [
                23,
                -71
            ],
            [
                11,
                -91
            ],
            [
                -34,
                -131
            ],
            [
                23,
                -182
            ],
            [
                57,
                -91
            ],
            [
                45,
                -121
            ],
            [
                12,
                -91
            ],
            [
                57,
                -101
            ],
            [
                0,
                -50
            ],
            [
                56,
                -51
            ],
            [
                0,
                -111
            ],
            [
                57,
                -71
            ],
            [
                -23,
                -91
            ],
            [
                57,
                -40
            ],
            [
                68,
                -283
            ],
            [
                34,
                -40
            ],
            [
                69,
                30
            ],
            [
                68,
                -61
            ],
            [
                136,
                91
            ],
            [
                34,
                -10
            ],
            [
                57,
                51
            ],
            [
                0,
                70
            ],
            [
                -23,
                51
            ],
            [
                23,
                91
            ],
            [
                -11,
                30
            ],
            [
                -12,
                91
            ],
            [
                46,
                81
            ],
            [
                45,
                -41
            ],
            [
                23,
                21
            ],
            [
                34,
                -10
            ],
            [
                148,
                141
            ],
            [
                250,
                0
            ],
            [
                0,
                30
            ],
            [
                45,
                20
            ],
            [
                0,
                41
            ],
            [
                12,
                20
            ],
            [
                -12,
                40
            ],
            [
                80,
                91
            ],
            [
                23,
                -20
            ],
            [
                22,
                40
            ],
            [
                46,
                21
            ],
            [
                22,
                -21
            ],
            [
                57,
                -131
            ],
            [
                -11,
                -101
            ],
            [
                11,
                -60
            ],
            [
                57,
                -51
            ],
            [
                34,
                30
            ],
            [
                12,
                51
            ],
            [
                22,
                0
            ],
            [
                12,
                71
            ],
            [
                56,
                60
            ],
            [
                46,
                0
            ],
            [
                23,
                61
            ],
            [
                90,
                111
            ],
            [
                -34,
                -162
            ],
            [
                57,
                -80
            ],
            [
                -23,
                -41
            ],
            [
                12,
                -40
            ],
            [
                57,
                -192
            ],
            [
                34,
                -51
            ],
            [
                0,
                -50
            ],
            [
                11,
                -81
            ],
            [
                80,
                -71
            ],
            [
                79,
                0
            ],
            [
                0,
                -70
            ],
            [
                114,
                -61
            ],
            [
                91,
                -111
            ],
            [
                45,
                -101
            ],
            [
                46,
                0
            ],
            [
                34,
                61
            ],
            [
                45,
                30
            ],
            [
                23,
                30
            ],
            [
                57,
                -40
            ],
            [
                79,
                -101
            ],
            [
                57,
                20
            ],
            [
                57,
                61
            ],
            [
                68,
                10
            ],
            [
                -23,
                -61
            ],
            [
                12,
                -91
            ],
            [
                -23,
                -30
            ],
            [
                -23,
                -81
            ],
            [
                -11,
                -121
            ],
            [
                -46,
                -61
            ],
            [
                -11,
                -60
            ],
            [
                23,
                -31
            ],
            [
                -12,
                -101
            ],
            [
                -45,
                -60
            ],
            [
                0,
                -51
            ],
            [
                -46,
                -10
            ],
            [
                -22,
                -81
            ],
            [
                22,
                -101
            ],
            [
                23,
                0
            ],
            [
                0,
                -50
            ],
            [
                -34,
                -41
            ],
            [
                -79,
                21
            ],
            [
                -12,
                -21
            ],
            [
                23,
                -100
            ],
            [
                -57,
                -11
            ],
            [
                -57,
                31
            ],
            [
                -45,
                -31
            ],
            [
                -46,
                41
            ],
            [
                -34,
                0
            ],
            [
                -45,
                -71
            ],
            [
                -23,
                10
            ],
            [
                -23,
                -30
            ],
            [
                -22,
                30
            ],
            [
                -34,
                0
            ],
            [
                -114,
                -60
            ],
            [
                -159,
                -152
            ],
            [
                57,
                -81
            ],
            [
                79,
                31
            ],
            [
                57,
                -61
            ],
            [
                45,
                -152
            ],
            [
                -22,
                -60
            ],
            [
                -34,
                10
            ],
            [
                -23,
                -81
            ],
            [
                34,
                -50
            ],
            [
                11,
                -81
            ],
            [
                34,
                -30
            ],
            [
                -68,
                30
            ],
            [
                0,
                30
            ],
            [
                12,
                40
            ],
            [
                -34,
                31
            ],
            [
                11,
                30
            ],
            [
                -45,
                131
            ],
            [
                11,
                31
            ],
            [
                -11,
                30
            ],
            [
                -46,
                -20
            ],
            [
                -11,
                -30
            ],
            [
                22,
                -51
            ],
            [
                -34,
                -30
            ],
            [
                -22,
                30
            ],
            [
                11,
                71
            ],
            [
                -11,
                20
            ],
            [
                -46,
                -30
            ],
            [
                -23,
                60
            ],
            [
                -56,
                61
            ],
            [
                -12,
                71
            ],
            [
                -34,
                10
            ],
            [
                -23,
                50
            ],
            [
                12,
                101
            ],
            [
                -12,
                51
            ],
            [
                23,
                161
            ],
            [
                -159,
                20
            ],
            [
                0,
                11
            ],
            [
                34,
                20
            ],
            [
                -22,
                40
            ],
            [
                34,
                30
            ],
            [
                -23,
                31
            ],
            [
                -102,
                -31
            ],
            [
                -35,
                31
            ],
            [
                -34,
                -20
            ],
            [
                -11,
                60
            ],
            [
                -34,
                0
            ],
            [
                -34,
                -40
            ],
            [
                34,
                -20
            ],
            [
                -11,
                -21
            ],
            [
                -57,
                0
            ],
            [
                0,
                -40
            ],
            [
                23,
                -40
            ],
            [
                -35,
                0
            ],
            [
                0,
                -81
            ],
            [
                -34,
                -121
            ],
            [
                0,
                -31
            ],
            [
                -34,
                -50
            ],
            [
                -11,
                -71
            ],
            [
                11,
                -71
            ],
            [
                23,
                -10
            ],
            [
                -23,
                -10
            ],
            [
                0,
                -71
            ],
            [
                -11,
                31
            ],
            [
                -12,
                -31
            ],
            [
                12,
                -10
            ],
            [
                -12,
                -30
            ],
            [
                23,
                -20
            ],
            [
                -34,
                -61
            ],
            [
                0,
                -192
            ],
            [
                -34,
                -70
            ],
            [
                -57,
                -10
            ],
            [
                -45,
                60
            ],
            [
                -23,
                -20
            ],
            [
                23,
                -20
            ],
            [
                -12,
                -51
            ],
            [
                -22,
                0
            ],
            [
                -34,
                -91
            ],
            [
                -103,
                152
            ],
            [
                -22,
                -20
            ],
            [
                -23,
                30
            ],
            [
                -11,
                -40
            ],
            [
                -23,
                0
            ],
            [
                0,
                40
            ],
            [
                -23,
                10
            ],
            [
                -11,
                -30
            ],
            [
                22,
                -51
            ],
            [
                -22,
                0
            ],
            [
                0,
                41
            ],
            [
                -23,
                -21
            ],
            [
                -11,
                -30
            ],
            [
                22,
                -30
            ],
            [
                -90,
                -30
            ],
            [
                -12,
                -41
            ],
            [
                23,
                -50
            ],
            [
                -57,
                -11
            ],
            [
                46,
                -10
            ],
            [
                -35,
                -50
            ],
            [
                23,
                0
            ],
            [
                -11,
                -40
            ],
            [
                -34,
                -11
            ],
            [
                0,
                -30
            ],
            [
                22,
                0
            ],
            [
                0,
                -40
            ],
            [
                23,
                -20
            ],
            [
                -68,
                -41
            ],
            [
                11,
                -30
            ],
            [
                -45,
                -10
            ],
            [
                -12,
                -41
            ],
            [
                -34,
                0
            ],
            [
                -11,
                31
            ],
            [
                0,
                -31
            ],
            [
                -34,
                -10
            ],
            [
                -11,
                -70
            ],
            [
                -23,
                -21
            ],
            [
                -46,
                0
            ],
            [
                -11,
                -101
            ],
            [
                -45,
                -40
            ],
            [
                -23,
                30
            ],
            [
                -57,
                0
            ],
            [
                -23,
                31
            ],
            [
                -45,
                -11
            ],
            [
                -23,
                21
            ],
            [
                -57,
                -61
            ],
            [
                -34,
                10
            ],
            [
                -22,
                30
            ],
            [
                -35,
                -10
            ],
            [
                -34,
                -60
            ],
            [
                -79,
                0
            ],
            [
                -68,
                40
            ],
            [
                -284,
                10
            ],
            [
                -91,
                -30
            ]
        ],
        [
            [
                6636,
                2111
            ],
            [
                -80,
                202
            ],
            [
                -23,
                30
            ],
            [
                0,
                61
            ],
            [
                -45,
                50
            ],
            [
                -45,
                132
            ],
            [
                -69,
                40
            ],
            [
                23,
                71
            ],
            [
                46,
                0
            ],
            [
                34,
                70
            ],
            [
                56,
                21
            ],
            [
                35,
                70
            ],
            [
                34,
                121
            ],
            [
                -12,
                21
            ],
            [
                12,
                60
            ],
            [
                -12,
                71
            ],
            [
                -68,
                101
            ],
            [
                11,
                61
            ],
            [
                -90,
                50
            ],
            [
                22,
                20
            ],
            [
                -57,
                61
            ],
            [
                23,
                20
            ],
            [
                0,
                30
            ],
            [
                -34,
                21
            ],
            [
                0,
                40
            ],
            [
                -45,
                51
            ],
            [
                -46,
                0
            ]
        ],
        [
            [
                6306,
                3586
            ],
            [
                -45,
                91
            ],
            [
                0,
                60
            ],
            [
                -239,
                243
            ],
            [
                23,
                50
            ],
            [
                11,
                111
            ],
            [
                -22,
                40
            ],
            [
                45,
                11
            ],
            [
                34,
                40
            ],
            [
                45,
                -10
            ],
            [
                12,
                101
            ],
            [
                45,
                91
            ],
            [
                -11,
                40
            ],
            [
                -34,
                41
            ],
            [
                11,
                30
            ],
            [
                -11,
                30
            ],
            [
                68,
                20
            ],
            [
                23,
                142
            ],
            [
                -12,
                20
            ],
            [
                12,
                91
            ],
            [
                23,
                40
            ],
            [
                45,
                30
            ],
            [
                0,
                41
            ],
            [
                57,
                81
            ],
            [
                11,
                10
            ],
            [
                91,
                131
            ],
            [
                23,
                10
            ],
            [
                11,
                30
            ],
            [
                46,
                31
            ],
            [
                11,
                71
            ],
            [
                -11,
                50
            ],
            [
                -125,
                61
            ],
            [
                -23,
                80
            ],
            [
                0,
                61
            ],
            [
                -91,
                91
            ],
            [
                11,
                71
            ],
            [
                12,
                0
            ],
            [
                0,
                50
            ],
            [
                79,
                111
            ]
        ],
        [
            [
                4170,
                4414
            ],
            [
                91,
                40
            ],
            [
                34,
                51
            ],
            [
                45,
                -31
            ],
            [
                69,
                21
            ],
            [
                56,
                60
            ],
            [
                46,
                -10
            ],
            [
                0,
                61
            ],
            [
                -23,
                70
            ],
            [
                -45,
                10
            ],
            [
                -12,
                41
            ],
            [
                -45,
                40
            ],
            [
                -34,
                81
            ],
            [
                11,
                50
            ],
            [
                -11,
                21
            ],
            [
                34,
                121
            ],
            [
                0,
                71
            ],
            [
                -80,
                212
            ],
            [
                -11,
                121
            ],
            [
                23,
                60
            ],
            [
                91,
                11
            ],
            [
                45,
                -31
            ],
            [
                34,
                61
            ],
            [
                57,
                20
            ],
            [
                -23,
                172
            ],
            [
                -22,
                20
            ],
            [
                0,
                61
            ],
            [
                113,
                181
            ],
            [
                23,
                -20
            ],
            [
                0,
                31
            ],
            [
                34,
                20
            ],
            [
                0,
                30
            ],
            [
                45,
                0
            ],
            [
                23,
                40
            ],
            [
                57,
                -20
            ],
            [
                11,
                41
            ],
            [
                80,
                -31
            ],
            [
                91,
                10
            ],
            [
                0,
                31
            ],
            [
                45,
                71
            ],
            [
                -45,
                20
            ],
            [
                34,
                91
            ],
            [
                -23,
                40
            ],
            [
                -23,
                81
            ],
            [
                46,
                30
            ],
            [
                -23,
                20
            ],
            [
                12,
                51
            ],
            [
                -57,
                0
            ],
            [
                11,
                50
            ],
            [
                -23,
                61
            ],
            [
                23,
                30
            ],
            [
                -34,
                61
            ],
            [
                45,
                30
            ],
            [
                69,
                -10
            ],
            [
                34,
                20
            ],
            [
                0,
                30
            ],
            [
                68,
                10
            ],
            [
                34,
                -50
            ],
            [
                114,
                -50
            ],
            [
                90,
                40
            ],
            [
                46,
                -40
            ],
            [
                23,
                30
            ],
            [
                79,
                0
            ],
            [
                23,
                40
            ],
            [
                34,
                20
            ]
        ],
        [
            [
                5579,
                6807
            ],
            [
                45,
                51
            ],
            [
                0,
                40
            ],
            [
                57,
                -10
            ],
            [
                34,
                61
            ],
            [
                34,
                10
            ],
            [
                0,
                -40
            ],
            [
                35,
                -31
            ],
            [
                22,
                0
            ],
            [
                23,
                51
            ],
            [
                79,
                -20
            ],
            [
                35,
                10
            ],
            [
                159,
                -101
            ],
            [
                11,
                -51
            ],
            [
                -23,
                -50
            ],
            [
                -56,
                10
            ],
            [
                -12,
                -20
            ],
            [
                -11,
                -61
            ],
            [
                45,
                -81
            ],
            [
                -22,
                -71
            ],
            [
                136,
                -212
            ],
            [
                11,
                -50
            ],
            [
                -34,
                -51
            ],
            [
                34,
                -70
            ],
            [
                57,
                -51
            ],
            [
                34,
                71
            ],
            [
                12,
                -192
            ],
            [
                56,
                -51
            ],
            [
                68,
                21
            ],
            [
                23,
                -41
            ]
        ],
        [
            [
                6306,
                3586
            ],
            [
                -22,
                10
            ],
            [
                -12,
                -71
            ],
            [
                -68,
                -40
            ],
            [
                0,
                -71
            ],
            [
                -34,
                -30
            ],
            [
                -23,
                -61
            ],
            [
                -57,
                -51
            ],
            [
                -56,
                -20
            ],
            [
                11,
                -50
            ],
            [
                -34,
                -31
            ],
            [
                0,
                -50
            ],
            [
                -114,
                50
            ],
            [
                -34,
                91
            ],
            [
                -34,
                -10
            ],
            [
                -34,
                -60
            ],
            [
                -57,
                20
            ],
            [
                57,
                182
            ],
            [
                -57,
                91
            ],
            [
                -11,
                101
            ],
            [
                -103,
                -21
            ],
            [
                -11,
                10
            ],
            [
                -68,
                -30
            ],
            [
                -57,
                30
            ],
            [
                -57,
                0
            ],
            [
                -11,
                -40
            ],
            [
                -68,
                -20
            ],
            [
                -23,
                -61
            ],
            [
                11,
                -60
            ],
            [
                -45,
                -61
            ],
            [
                -23,
                -10
            ]
        ],
        [
            [
                5272,
                3323
            ],
            [
                -11,
                40
            ],
            [
                -91,
                71
            ],
            [
                -102,
                -111
            ],
            [
                -46,
                30
            ],
            [
                -91,
                -10
            ],
            [
                -34,
                41
            ],
            [
                12,
                60
            ],
            [
                -12,
                71
            ],
            [
                12,
                50
            ],
            [
                -23,
                31
            ],
            [
                -34,
                -21
            ],
            [
                -34,
                11
            ],
            [
                -80,
                -71
            ],
            [
                -34,
                30
            ],
            [
                -182,
                0
            ],
            [
                -34,
                51
            ],
            [
                -57,
                30
            ],
            [
                -34,
                121
            ],
            [
                -45,
                41
            ],
            [
                0,
                50
            ],
            [
                -34,
                81
            ],
            [
                -57,
                50
            ],
            [
                -34,
                -30
            ]
        ],
        [
            [
                4227,
                3939
            ],
            [
                -80,
                91
            ]
        ],
        [
            [
                4147,
                4030
            ],
            [
                0,
                40
            ],
            [
                46,
                -40
            ],
            [
                34,
                20
            ],
            [
                -12,
                30
            ],
            [
                57,
                31
            ],
            [
                -22,
                40
            ],
            [
                -57,
                10
            ],
            [
                -57,
                131
            ],
            [
                0,
                41
            ],
            [
                34,
                81
            ]
        ],
        [
            [
                2807,
                8454
            ],
            [
                -91,
                -81
            ],
            [
                -216,
                -232
            ],
            [
                0,
                -21
            ],
            [
                23,
                -50
            ],
            [
                -12,
                -30
            ],
            [
                -170,
                -51
            ],
            [
                -80,
                -121
            ],
            [
                -68,
                -152
            ],
            [
                -102,
                -30
            ],
            [
                -23,
                -71
            ],
            [
                -34,
                -10
            ],
            [
                -34,
                -60
            ],
            [
                -137,
                -122
            ],
            [
                0,
                -10
            ],
            [
                -34,
                -80
            ],
            [
                91,
                -202
            ],
            [
                12,
                -61
            ],
            [
                -228,
                -131
            ],
            [
                -159,
                -152
            ],
            [
                -34,
                -81
            ]
        ],
        [
            [
                1511,
                6706
            ],
            [
                -79,
                -20
            ],
            [
                -182,
                -182
            ],
            [
                -102,
                -50
            ],
            [
                -91,
                -162
            ],
            [
                -80,
                0
            ],
            [
                -170,
                -111
            ],
            [
                -114,
                10
            ],
            [
                -57,
                41
            ],
            [
                23,
                101
            ],
            [
                0,
                293
            ],
            [
                -68,
                20
            ],
            [
                0,
                91
            ],
            [
                -23,
                60
            ],
            [
                -68,
                31
            ],
            [
                0,
                40
            ],
            [
                -23,
                40
            ],
            [
                -11,
                101
            ],
            [
                11,
                51
            ],
            [
                46,
                40
            ],
            [
                -12,
                41
            ],
            [
                -45,
                0
            ],
            [
                11,
                30
            ],
            [
                23,
                -20
            ],
            [
                34,
                30
            ],
            [
                -68,
                30
            ],
            [
                -23,
                132
            ],
            [
                -34,
                80
            ],
            [
                34,
                41
            ],
            [
                0,
                151
            ],
            [
                23,
                41
            ],
            [
                23,
                81
            ],
            [
                -12,
                131
            ],
            [
                34,
                71
            ],
            [
                57,
                10
            ],
            [
                46,
                50
            ],
            [
                0,
                111
            ],
            [
                -103,
                31
            ],
            [
                0,
                131
            ],
            [
                34,
                81
            ],
            [
                -11,
                70
            ],
            [
                -102,
                51
            ],
            [
                -68,
                71
            ],
            [
                -34,
                151
            ],
            [
                22,
                10
            ],
            [
                12,
                51
            ],
            [
                -34,
                131
            ],
            [
                -35,
                30
            ],
            [
                -68,
                10
            ],
            [
                -57,
                -30
            ],
            [
                0,
                -30
            ],
            [
                -68,
                10
            ],
            [
                -68,
                40
            ],
            [
                -34,
                71
            ],
            [
                11,
                30
            ],
            [
                35,
                -10
            ],
            [
                22,
                61
            ],
            [
                23,
                -20
            ],
            [
                79,
                181
            ],
            [
                0,
                61
            ],
            [
                -11,
                81
            ],
            [
                -45,
                50
            ],
            [
                11,
                21
            ],
            [
                68,
                40
            ],
            [
                34,
                -40
            ],
            [
                46,
                20
            ],
            [
                45,
                -61
            ],
            [
                46,
                10
            ],
            [
                79,
                -101
            ],
            [
                12,
                -81
            ],
            [
                113,
                -50
            ],
            [
                46,
                -61
            ],
            [
                11,
                -50
            ],
            [
                57,
                50
            ],
            [
                -12,
                10
            ],
            [
                35,
                51
            ],
            [
                34,
                -10
            ],
            [
                11,
                91
            ],
            [
                91,
                -21
            ],
            [
                34,
                -50
            ],
            [
                11,
                -141
            ],
            [
                216,
                -162
            ],
            [
                80,
                141
            ],
            [
                -46,
                112
            ],
            [
                34,
                60
            ],
            [
                34,
                141
            ],
            [
                -22,
                71
            ],
            [
                11,
                162
            ],
            [
                239,
                50
            ],
            [
                79,
                61
            ],
            [
                -11,
                61
            ],
            [
                23,
                20
            ],
            [
                22,
                91
            ],
            [
                80,
                80
            ],
            [
                102,
                -30
            ],
            [
                57,
                -50
            ],
            [
                34,
                30
            ],
            [
                57,
                0
            ],
            [
                45,
                30
            ],
            [
                68,
                -50
            ],
            [
                35,
                40
            ],
            [
                147,
                10
            ],
            [
                57,
                30
            ],
            [
                34,
                51
            ],
            [
                57,
                0
            ],
            [
                11,
                0
            ],
            [
                0,
                -81
            ],
            [
                23,
                10
            ],
            [
                11,
                41
            ],
            [
                23,
                0
            ],
            [
                0,
                -91
            ],
            [
                23,
                -20
            ],
            [
                -23,
                -41
            ],
            [
                23,
                -70
            ],
            [
                34,
                0
            ],
            [
                -23,
                -51
            ],
            [
                23,
                -40
            ],
            [
                -23,
                -21
            ],
            [
                23,
                -40
            ],
            [
                0,
                -40
            ],
            [
                23,
                -51
            ],
            [
                -12,
                -30
            ],
            [
                -34,
                10
            ],
            [
                23,
                -61
            ],
            [
                -46,
                -50
            ],
            [
                23,
                -101
            ],
            [
                57,
                -31
            ],
            [
                23,
                -60
            ],
            [
                -12,
                -30
            ],
            [
                -22,
                -10
            ],
            [
                34,
                -61
            ],
            [
                -68,
                -41
            ],
            [
                11,
                -50
            ],
            [
                68,
                -30
            ],
            [
                -23,
                -21
            ],
            [
                12,
                -20
            ],
            [
                23,
                10
            ],
            [
                11,
                -30
            ],
            [
                34,
                -20
            ],
            [
                -11,
                -40
            ],
            [
                22,
                -11
            ],
            [
                -11,
                -40
            ],
            [
                23,
                -40
            ],
            [
                79,
                20
            ],
            [
                0,
                -61
            ],
            [
                34,
                -10
            ],
            [
                0,
                -71
            ],
            [
                12,
                -20
            ],
            [
                79,
                0
            ],
            [
                12,
                -40
            ],
            [
                -12,
                -51
            ],
            [
                12,
                -60
            ]
        ],
        [
            [
                2807,
                8454
            ],
            [
                34,
                -41
            ],
            [
                79,
                31
            ],
            [
                34,
                -61
            ],
            [
                46,
                -20
            ],
            [
                34,
                30
            ],
            [
                0,
                40
            ],
            [
                57,
                -30
            ],
            [
                45,
                30
            ],
            [
                46,
                -10
            ],
            [
                45,
                41
            ],
            [
                11,
                -51
            ],
            [
                57,
                31
            ],
            [
                46,
                -31
            ],
            [
                11,
                31
            ],
            [
                -11,
                60
            ],
            [
                45,
                91
            ],
            [
                34,
                -71
            ],
            [
                102,
                -10
            ],
            [
                -22,
                -40
            ],
            [
                11,
                -71
            ],
            [
                45,
                -30
            ],
            [
                -22,
                -51
            ],
            [
                34,
                -10
            ],
            [
                34,
                51
            ],
            [
                57,
                -20
            ],
            [
                79,
                30
            ],
            [
                34,
                -20
            ],
            [
                0,
                40
            ],
            [
                46,
                -61
            ],
            [
                23,
                0
            ],
            [
                56,
                91
            ],
            [
                46,
                21
            ],
            [
                -12,
                60
            ],
            [
                46,
                -30
            ],
            [
                79,
                30
            ],
            [
                46,
                51
            ],
            [
                79,
                -10
            ],
            [
                0,
                -41
            ],
            [
                12,
                -10
            ],
            [
                0,
                -61
            ],
            [
                11,
                -70
            ],
            [
                -23,
                -121
            ],
            [
                46,
                -21
            ],
            [
                -12,
                -10
            ],
            [
                35,
                -91
            ],
            [
                22,
                10
            ],
            [
                34,
                -30
            ],
            [
                0,
                -60
            ],
            [
                34,
                0
            ],
            [
                69,
                -71
            ],
            [
                34,
                0
            ],
            [
                57,
                -61
            ],
            [
                68,
                0
            ],
            [
                22,
                -20
            ],
            [
                0,
                -10
            ],
            [
                80,
                -30
            ]
        ],
        [
            [
                4670,
                7848
            ],
            [
                23,
                -41
            ],
            [
                -12,
                -50
            ],
            [
                12,
                -152
            ],
            [
                -23,
                -20
            ],
            [
                -11,
                -50
            ],
            [
                34,
                -81
            ],
            [
                -23,
                -20
            ],
            [
                -46,
                20
            ],
            [
                -22,
                -41
            ],
            [
                -34,
                10
            ],
            [
                -23,
                -100
            ],
            [
                0,
                -112
            ],
            [
                -91,
                -40
            ],
            [
                -34,
                20
            ],
            [
                -57,
                121
            ],
            [
                -68,
                -10
            ],
            [
                0,
                31
            ],
            [
                -102,
                161
            ],
            [
                -57,
                0
            ],
            [
                -45,
                -71
            ],
            [
                -126,
                -50
            ],
            [
                -56,
                40
            ],
            [
                -23,
                -40
            ],
            [
                -68,
                10
            ],
            [
                -57,
                -50
            ],
            [
                -34,
                20
            ],
            [
                -34,
                -20
            ],
            [
                79,
                -51
            ],
            [
                0,
                -20
            ],
            [
                -91,
                -51
            ],
            [
                -68,
                11
            ],
            [
                -22,
                -41
            ],
            [
                -23,
                0
            ],
            [
                0,
                -20
            ],
            [
                -91,
                50
            ],
            [
                -23,
                -40
            ],
            [
                -102,
                -71
            ],
            [
                -23,
                10
            ],
            [
                -57,
                -50
            ],
            [
                12,
                -51
            ],
            [
                -23,
                -20
            ],
            [
                -11,
                20
            ],
            [
                -46,
                -40
            ],
            [
                -34,
                10
            ],
            [
                -91,
                -40
            ],
            [
                0,
                -41
            ],
            [
                -68,
                -101
            ],
            [
                11,
                -30
            ],
            [
                -34,
                -61
            ],
            [
                91,
                -111
            ],
            [
                -79,
                -60
            ],
            [
                68,
                -101
            ],
            [
                0,
                -81
            ],
            [
                11,
                -30
            ],
            [
                -34,
                -81
            ],
            [
                11,
                -71
            ],
            [
                46,
                -30
            ],
            [
                114,
                20
            ],
            [
                -34,
                -71
            ],
            [
                22,
                -40
            ]
        ],
        [
            [
                3204,
                6050
            ],
            [
                -113,
                -51
            ],
            [
                -125,
                -20
            ],
            [
                -91,
                -141
            ],
            [
                -193,
                -91
            ],
            [
                -69,
                10
            ],
            [
                -22,
                30
            ],
            [
                -216,
                -30
            ],
            [
                -193,
                10
            ],
            [
                -12,
                0
            ],
            [
                23,
                51
            ],
            [
                -80,
                90
            ],
            [
                -22,
                51
            ],
            [
                -34,
                -51
            ],
            [
                -57,
                21
            ],
            [
                -262,
                -41
            ]
        ],
        [
            [
                1738,
                5888
            ],
            [
                0,
                20
            ],
            [
                46,
                162
            ],
            [
                -68,
                20
            ],
            [
                -57,
                192
            ],
            [
                -57,
                111
            ],
            [
                -79,
                41
            ],
            [
                -12,
                70
            ],
            [
                23,
                10
            ],
            [
                11,
                41
            ],
            [
                -11,
                131
            ],
            [
                -23,
                20
            ]
        ],
        [
            [
                4670,
                7848
            ],
            [
                23,
                40
            ],
            [
                68,
                -20
            ],
            [
                11,
                40
            ],
            [
                23,
                0
            ],
            [
                11,
                51
            ],
            [
                57,
                -10
            ],
            [
                80,
                91
            ],
            [
                11,
                -21
            ],
            [
                23,
                21
            ],
            [
                23,
                -11
            ],
            [
                90,
                41
            ],
            [
                80,
                -61
            ],
            [
                23,
                -50
            ],
            [
                91,
                -30
            ],
            [
                34,
                -81
            ],
            [
                34,
                30
            ],
            [
                11,
                -30
            ],
            [
                125,
                10
            ],
            [
                11,
                -121
            ],
            [
                80,
                -122
            ],
            [
                0,
                -10
            ],
            [
                45,
                -101
            ],
            [
                0,
                -50
            ],
            [
                -79,
                -31
            ],
            [
                -34,
                -151
            ],
            [
                23,
                -91
            ],
            [
                45,
                -101
            ],
            [
                -11,
                -71
            ],
            [
                11,
                -50
            ],
            [
                -11,
                -101
            ],
            [
                11,
                -51
            ]
        ],
        [
            [
                4170,
                4414
            ],
            [
                -136,
                151
            ],
            [
                0,
                30
            ],
            [
                34,
                41
            ],
            [
                0,
                40
            ],
            [
                -80,
                21
            ],
            [
                0,
                50
            ],
            [
                -57,
                162
            ],
            [
                0,
                121
            ],
            [
                -45,
                -20
            ],
            [
                -34,
                -71
            ],
            [
                11,
                -30
            ],
            [
                -22,
                -31
            ],
            [
                11,
                -40
            ],
            [
                0,
                -30
            ],
            [
                -91,
                -61
            ],
            [
                -34,
                10
            ],
            [
                -12,
                51
            ],
            [
                23,
                20
            ],
            [
                0,
                70
            ],
            [
                12,
                21
            ],
            [
                22,
                192
            ],
            [
                12,
                40
            ],
            [
                -12,
                10
            ],
            [
                0,
                40
            ],
            [
                -136,
                122
            ],
            [
                -68,
                111
            ],
            [
                11,
                111
            ],
            [
                -23,
                50
            ],
            [
                -34,
                11
            ],
            [
                -22,
                40
            ],
            [
                -80,
                -51
            ],
            [
                0,
                51
            ],
            [
                -34,
                50
            ],
            [
                0,
                51
            ],
            [
                11,
                30
            ],
            [
                -68,
                30
            ],
            [
                -23,
                51
            ],
            [
                -34,
                -20
            ],
            [
                -56,
                50
            ],
            [
                -12,
                61
            ],
            [
                23,
                40
            ],
            [
                -23,
                61
            ]
        ],
        [
            [
                6636,
                2111
            ],
            [
                -34,
                -20
            ],
            [
                79,
                -91
            ],
            [
                0,
                -293
            ],
            [
                34,
                -10
            ],
            [
                23,
                -131
            ],
            [
                114,
                -101
            ],
            [
                0,
                -21
            ],
            [
                34,
                -30
            ],
            [
                -12,
                -30
            ],
            [
                12,
                -20
            ],
            [
                11,
                -41
            ],
            [
                -23,
                -50
            ],
            [
                0,
                -31
            ],
            [
                -57,
                -70
            ],
            [
                0,
                -101
            ],
            [
                -45,
                -71
            ],
            [
                -79,
                -81
            ],
            [
                -35,
                20
            ],
            [
                12,
                41
            ],
            [
                -12,
                0
            ],
            [
                0,
                -20
            ],
            [
                -22,
                20
            ],
            [
                -23,
                -10
            ],
            [
                0,
                50
            ],
            [
                -23,
                -10
            ],
            [
                -11,
                30
            ],
            [
                0,
                31
            ],
            [
                -11,
                0
            ],
            [
                -12,
                -51
            ],
            [
                -57,
                61
            ],
            [
                -22,
                -41
            ],
            [
                -34,
                31
            ],
            [
                0,
                -71
            ],
            [
                -12,
                -10
            ],
            [
                -11,
                30
            ],
            [
                -23,
                -20
            ],
            [
                -34,
                30
            ],
            [
                -11,
                -30
            ],
            [
                -12,
                30
            ],
            [
                -34,
                10
            ],
            [
                -102,
                -10
            ],
            [
                11,
                -20
            ],
            [
                0,
                -10
            ],
            [
                -45,
                40
            ],
            [
                -57,
                10
            ],
            [
                -23,
                81
            ],
            [
                -22,
                -20
            ],
            [
                -46,
                30
            ],
            [
                -11,
                -40
            ],
            [
                -46,
                0
            ],
            [
                -34,
                40
            ],
            [
                -23,
                -10
            ],
            [
                -11,
                -30
            ],
            [
                -57,
                40
            ],
            [
                -45,
                0
            ],
            [
                34,
                31
            ],
            [
                -11,
                30
            ],
            [
                -23,
                -30
            ],
            [
                -46,
                60
            ],
            [
                -102,
                10
            ],
            [
                0,
                31
            ],
            [
                68,
                80
            ],
            [
                -45,
                0
            ],
            [
                -11,
                31
            ],
            [
                -35,
                10
            ],
            [
                0,
                40
            ],
            [
                -56,
                61
            ],
            [
                11,
                30
            ],
            [
                34,
                0
            ],
            [
                -23,
                30
            ],
            [
                0,
                51
            ],
            [
                -45,
                10
            ],
            [
                -34,
                61
            ],
            [
                -46,
                0
            ],
            [
                12,
                60
            ],
            [
                -23,
                10
            ],
            [
                -57,
                -80
            ],
            [
                -34,
                -81
            ],
            [
                -23,
                40
            ],
            [
                -11,
                -10
            ],
            [
                -11,
                -91
            ],
            [
                -23,
                10
            ],
            [
                0,
                41
            ],
            [
                -68,
                50
            ],
            [
                0,
                -30
            ],
            [
                22,
                -30
            ],
            [
                -34,
                -61
            ],
            [
                0,
                -20
            ],
            [
                -45,
                -30
            ],
            [
                -34,
                20
            ],
            [
                0,
                -41
            ],
            [
                -23,
                -40
            ],
            [
                -34,
                -10
            ],
            [
                34,
                -91
            ],
            [
                -34,
                -61
            ]
        ],
        [
            [
                5079,
                1232
            ],
            [
                -34,
                10
            ],
            [
                -34,
                -60
            ],
            [
                -23,
                -10
            ],
            [
                -11,
                40
            ],
            [
                -68,
                -10
            ],
            [
                11,
                30
            ],
            [
                -23,
                71
            ],
            [
                12,
                20
            ],
            [
                22,
                152
            ],
            [
                -102,
                -20
            ],
            [
                -11,
                30
            ],
            [
                -23,
                40
            ],
            [
                34,
                202
            ],
            [
                -68,
                91
            ],
            [
                -34,
                -10
            ],
            [
                23,
                71
            ],
            [
                -57,
                30
            ],
            [
                -69,
                91
            ],
            [
                46,
                40
            ],
            [
                34,
                0
            ],
            [
                91,
                111
            ],
            [
                114,
                61
            ],
            [
                0,
                50
            ],
            [
                56,
                61
            ],
            [
                23,
                91
            ],
            [
                34,
                40
            ],
            [
                34,
                -30
            ],
            [
                34,
                40
            ],
            [
                0,
                51
            ],
            [
                -45,
                30
            ],
            [
                -11,
                81
            ],
            [
                22,
                91
            ],
            [
                -22,
                131
            ],
            [
                68,
                101
            ],
            [
                34,
                -10
            ],
            [
                23,
                132
            ],
            [
                -12,
                90
            ],
            [
                91,
                51
            ],
            [
                34,
                111
            ]
        ],
        [
            [
                3738,
                2666
            ],
            [
                68,
                41
            ],
            [
                12,
                40
            ],
            [
                113,
                51
            ],
            [
                114,
                101
            ],
            [
                23,
                121
            ],
            [
                57,
                81
            ],
            [
                34,
                -10
            ],
            [
                34,
                101
            ],
            [
                -23,
                20
            ],
            [
                -23,
                60
            ],
            [
                0,
                91
            ],
            [
                12,
                31
            ],
            [
                -23,
                60
            ],
            [
                148,
                10
            ],
            [
                45,
                41
            ],
            [
                -79,
                91
            ],
            [
                -23,
                60
            ],
            [
                11,
                142
            ],
            [
                12,
                20
            ],
            [
                -23,
                121
            ]
        ],
        [
            [
                5079,
                1232
            ],
            [
                -11,
                -70
            ],
            [
                -46,
                -101
            ],
            [
                0,
                -81
            ],
            [
                34,
                -41
            ],
            [
                0,
                -30
            ],
            [
                -56,
                -20
            ],
            [
                34,
                30
            ],
            [
                -23,
                20
            ],
            [
                -57,
                -40
            ],
            [
                0,
                -30
            ],
            [
                -34,
                -10
            ],
            [
                -46,
                -81
            ],
            [
                -11,
                -81
            ],
            [
                -34,
                -30
            ],
            [
                -34,
                -121
            ],
            [
                -45,
                -21
            ],
            [
                -91,
                -111
            ],
            [
                -35,
                0
            ],
            [
                -11,
                -30
            ],
            [
                23,
                -41
            ],
            [
                -12,
                -30
            ],
            [
                -22,
                0
            ],
            [
                0,
                -50
            ],
            [
                -23,
                -10
            ],
            [
                0,
                -51
            ],
            [
                -34,
                -71
            ],
            [
                -45,
                0
            ],
            [
                -23,
                -40
            ],
            [
                34,
                10
            ],
            [
                11,
                -30
            ],
            [
                -45,
                0
            ],
            [
                -12,
                -31
            ],
            [
                -34,
                -10
            ],
            [
                -22,
                10
            ],
            [
                0,
                41
            ],
            [
                -46,
                0
            ],
            [
                -11,
                -41
            ],
            [
                -57,
                -40
            ],
            [
                -23,
                51
            ],
            [
                -34,
                -41
            ],
            [
                -45,
                -10
            ],
            [
                -23,
                61
            ],
            [
                -34,
                30
            ],
            [
                -68,
                -40
            ],
            [
                0,
                70
            ],
            [
                57,
                31
            ],
            [
                11,
                40
            ],
            [
                34,
                20
            ],
            [
                0,
                71
            ],
            [
                57,
                121
            ],
            [
                -23,
                40
            ],
            [
                80,
                112
            ],
            [
                -57,
                20
            ],
            [
                11,
                111
            ],
            [
                -57,
                10
            ],
            [
                -22,
                61
            ],
            [
                -23,
                -21
            ],
            [
                -11,
                71
            ],
            [
                11,
                10
            ],
            [
                -23,
                20
            ],
            [
                12,
                41
            ],
            [
                -23,
                40
            ],
            [
                -34,
                0
            ],
            [
                0,
                41
            ],
            [
                -34,
                40
            ],
            [
                -12,
                121
            ],
            [
                -45,
                61
            ],
            [
                11,
                50
            ],
            [
                -34,
                31
            ],
            [
                -23,
                80
            ],
            [
                23,
                81
            ],
            [
                -23,
                61
            ],
            [
                -56,
                40
            ],
            [
                -80,
                -30
            ],
            [
                11,
                121
            ],
            [
                -34,
                152
            ],
            [
                0,
                111
            ],
            [
                12,
                60
            ],
            [
                34,
                31
            ],
            [
                -46,
                60
            ],
            [
                69,
                71
            ],
            [
                56,
                141
            ],
            [
                -11,
                20
            ],
            [
                45,
                11
            ],
            [
                34,
                60
            ],
            [
                -22,
                51
            ],
            [
                -46,
                -11
            ],
            [
                -45,
                51
            ],
            [
                -34,
                -61
            ],
            [
                -34,
                -10
            ],
            [
                11,
                91
            ],
            [
                -45,
                132
            ],
            [
                11,
                50
            ],
            [
                -23,
                40
            ]
        ],
        [
            [
                4147,
                4030
            ],
            [
                -170,
                81
            ],
            [
                -12,
                91
            ],
            [
                0,
                80
            ],
            [
                -68,
                71
            ],
            [
                -56,
                -30
            ],
            [
                -12,
                -91
            ],
            [
                46,
                -30
            ],
            [
                -12,
                -81
            ],
            [
                -113,
                91
            ],
            [
                -69,
                131
            ],
            [
                -45,
                10
            ],
            [
                -136,
                -20
            ],
            [
                -159,
                -162
            ]
        ],
        [
            [
                3341,
                4171
            ],
            [
                -23,
                -20
            ],
            [
                -68,
                0
            ],
            [
                -46,
                -91
            ],
            [
                -57,
                -30
            ],
            [
                -22,
                -101
            ],
            [
                -23,
                -20
            ],
            [
                11,
                -31
            ],
            [
                -22,
                0
            ],
            [
                0,
                -30
            ],
            [
                -103,
                -151
            ],
            [
                -68,
                -31
            ],
            [
                -11,
                -60
            ],
            [
                -23,
                91
            ],
            [
                -79,
                30
            ],
            [
                11,
                30
            ],
            [
                68,
                61
            ],
            [
                0,
                40
            ],
            [
                -34,
                31
            ],
            [
                -34,
                -11
            ],
            [
                -46,
                51
            ],
            [
                103,
                141
            ],
            [
                -137,
                142
            ],
            [
                -22,
                40
            ],
            [
                0,
                81
            ],
            [
                -12,
                30
            ],
            [
                -34,
                0
            ],
            [
                -11,
                41
            ],
            [
                -46,
                -31
            ],
            [
                -56,
                10
            ],
            [
                -23,
                81
            ],
            [
                -68,
                -20
            ],
            [
                -80,
                121
            ],
            [
                -68,
                30
            ],
            [
                0,
                41
            ],
            [
                -45,
                61
            ],
            [
                22,
                40
            ],
            [
                -11,
                30
            ],
            [
                -57,
                61
            ],
            [
                -57,
                -30
            ],
            [
                0,
                -61
            ],
            [
                -45,
                -61
            ],
            [
                -12,
                -70
            ],
            [
                -102,
                10
            ],
            [
                -113,
                171
            ],
            [
                -57,
                -80
            ],
            [
                -12,
                40
            ],
            [
                -91,
                81
            ],
            [
                -22,
                91
            ],
            [
                45,
                50
            ],
            [
                91,
                -30
            ],
            [
                11,
                40
            ],
            [
                -34,
                51
            ],
            [
                91,
                -10
            ],
            [
                0,
                50
            ],
            [
                34,
                20
            ],
            [
                0,
                31
            ],
            [
                -22,
                121
            ],
            [
                -46,
                61
            ],
            [
                0,
                40
            ],
            [
                23,
                10
            ],
            [
                -23,
                141
            ],
            [
                -57,
                142
            ],
            [
                -45,
                50
            ],
            [
                11,
                31
            ],
            [
                -57,
                171
            ]
        ],
        [
            [
                3738,
                2666
            ],
            [
                -57,
                -20
            ],
            [
                -34,
                20
            ],
            [
                -11,
                61
            ],
            [
                34,
                30
            ],
            [
                -11,
                41
            ],
            [
                11,
                40
            ],
            [
                -23,
                41
            ],
            [
                -34,
                30
            ],
            [
                -11,
                50
            ],
            [
                -57,
                51
            ],
            [
                11,
                20
            ],
            [
                -22,
                41
            ],
            [
                22,
                70
            ],
            [
                -11,
                30
            ],
            [
                11,
                61
            ],
            [
                -68,
                -10
            ],
            [
                -11,
                30
            ],
            [
                0,
                61
            ],
            [
                -46,
                20
            ],
            [
                23,
                30
            ],
            [
                -23,
                41
            ],
            [
                23,
                50
            ],
            [
                -11,
                111
            ],
            [
                -57,
                31
            ],
            [
                -34,
                -61
            ],
            [
                -23,
                10
            ],
            [
                -11,
                30
            ],
            [
                -12,
                122
            ],
            [
                23,
                151
            ],
            [
                -23,
                132
            ],
            [
                35,
                80
            ],
            [
                0,
                71
            ],
            [
                11,
                30
            ],
            [
                -11,
                10
            ]
        ]
    ],
    "bbox": [
        121.6516,
        40.8636,
        131.3196,
        46.3019
    ],
    "transform": {
        "scale": [
            0.0009668966896689675,
            0.0005438843884388444
        ],
        "translate": [
            121.6516,
            40.8636
        ]
    }
}