{
    "type": "Topology",
    "objects": {
        "collection": {
            "type": "GeometryCollection",
            "cp": [
                109.5996,
                35.7396
            ],
            "size": "1150",
            "geometries": [
                {
                    "type": "Polygon",
                    "arcs": [
                        [
                            0,
                            1
                        ]
                    ]
                },
                {
                    "type": "Polygon",
                    "arcs": [
                        [
                            2,
                            3,
                            4,
                            5,
                            6,
                            -1
                        ]
                    ]
                },
                {
                    "type": "Polygon",
                    "arcs": [
                        [
                            7,
                            8,
                            9,
                            10
                        ]
                    ]
                },
                {
                    "type": "Polygon",
                    "arcs": [
                        [
                            11,
                            12,
                            13,
                            -10
                        ]
                    ]
                },
                {
                    "type": "Polygon",
                    "arcs": [
                        [
                            14,
                            15,
                            16,
                            -13
                        ]
                    ]
                },
                {
                    "type": "Polygon",
                    "arcs": [
                        [
                            17,
                            18,
                            -8,
                            19
                        ]
                    ]
                },
                {
                    "type": "Polygon",
                    "arcs": [
                        [
                            20,
                            -4,
                            21,
                            -16,
                            22,
                            23
                        ]
                    ]
                },
                {
                    "type": "Polygon",
                    "arcs": [
                        [
                            -6,
                            24,
                            -24,
                            25,
                            -18,
                            26
                        ]
                    ]
                },
                {
                    "type": "Polygon",
                    "arcs": [
                        [
                            -19,
                            -26,
                            -23,
                            -15,
                            -12,
                            -9
                        ]
                    ]
                },
                {
                    "type": "Polygon",
                    "arcs": [
                        [
                            -5,
                            -21,
                            -25
                        ]
                    ]
                }
            ]
        }
    },
    "arcs": [
        [
            [
                8568,
                6687
            ],
            [
                -115,
                -21
            ],
            [
                -57,
                35
            ],
            [
                -38,
                -28
            ],
            [
                -172,
                63
            ],
            [
                -152,
                -56
            ],
            [
                -39,
                14
            ],
            [
                -38,
                35
            ],
            [
                -76,
                35
            ],
            [
                -19,
                76
            ],
            [
                19,
                56
            ],
            [
                -38,
                14
            ],
            [
                -39,
                -21
            ],
            [
                -19,
                28
            ],
            [
                19,
                28
            ],
            [
                -38,
                42
            ],
            [
                96,
                -7
            ],
            [
                19,
                42
            ],
            [
                -38,
                48
            ],
            [
                -39,
                7
            ],
            [
                -57,
                -21
            ],
            [
                -76,
                63
            ],
            [
                -38,
                -56
            ],
            [
                -77,
                7
            ],
            [
                -38,
                -27
            ],
            [
                -57,
                13
            ],
            [
                0,
                14
            ],
            [
                -38,
                -7
            ],
            [
                38,
                56
            ],
            [
                38,
                -14
            ],
            [
                -57,
                112
            ],
            [
                -76,
                14
            ],
            [
                19,
                21
            ],
            [
                -57,
                21
            ],
            [
                -58,
                0
            ],
            [
                -19,
                -21
            ],
            [
                -114,
                7
            ],
            [
                -191,
                97
            ],
            [
                -76,
                -55
            ],
            [
                -115,
                -35
            ],
            [
                -57,
                -63
            ],
            [
                -38,
                -7
            ],
            [
                38,
                -28
            ],
            [
                -172,
                -35
            ],
            [
                -115,
                0
            ],
            [
                -19,
                -28
            ],
            [
                -57,
                21
            ],
            [
                -38,
                -21
            ],
            [
                -57,
                14
            ],
            [
                -57,
                -42
            ],
            [
                -58,
                28
            ],
            [
                0,
                -28
            ],
            [
                -95,
                -21
            ],
            [
                -19,
                -41
            ],
            [
                -76,
                7
            ],
            [
                -39,
                -21
            ],
            [
                -38,
                55
            ],
            [
                0,
                -27
            ],
            [
                -19,
                -49
            ],
            [
                19,
                -35
            ],
            [
                38,
                0
            ],
            [
                0,
                -28
            ],
            [
                -114,
                -21
            ],
            [
                -38,
                -35
            ],
            [
                -77,
                7
            ],
            [
                -19,
                -55
            ],
            [
                134,
                -56
            ],
            [
                -57,
                -56
            ],
            [
                -39,
                -14
            ],
            [
                -114,
                35
            ],
            [
                -19,
                -7
            ],
            [
                -57,
                56
            ],
            [
                -77,
                -14
            ],
            [
                -38,
                -49
            ],
            [
                -95,
                0
            ],
            [
                -77,
                21
            ],
            [
                0,
                28
            ],
            [
                39,
                -7
            ],
            [
                57,
                21
            ],
            [
                19,
                62
            ],
            [
                -38,
                35
            ],
            [
                19,
                56
            ],
            [
                -57,
                49
            ],
            [
                19,
                35
            ],
            [
                -115,
                28
            ],
            [
                57,
                41
            ],
            [
                -95,
                42
            ],
            [
                0,
                91
            ],
            [
                -38,
                28
            ],
            [
                -19,
                -42
            ],
            [
                -58,
                14
            ],
            [
                -19,
                21
            ],
            [
                -38,
                -49
            ],
            [
                -210,
                -49
            ],
            [
                115,
                -90
            ],
            [
                -19,
                -28
            ],
            [
                -38,
                0
            ],
            [
                19,
                -21
            ],
            [
                -77,
                -49
            ],
            [
                -76,
                -14
            ],
            [
                0,
                42
            ],
            [
                -38,
                -14
            ],
            [
                -38,
                21
            ],
            [
                -58,
                -98
            ],
            [
                -114,
                0
            ],
            [
                -134,
                -62
            ],
            [
                -114,
                20
            ],
            [
                -38,
                147
            ],
            [
                -77,
                14
            ],
            [
                19,
                21
            ],
            [
                -38,
                7
            ],
            [
                -114,
                -49
            ],
            [
                19,
                -28
            ],
            [
                -57,
                -21
            ],
            [
                38,
                -14
            ],
            [
                -19,
                -21
            ],
            [
                -77,
                28
            ],
            [
                20,
                -70
            ],
            [
                38,
                -34
            ],
            [
                -38,
                -28
            ],
            [
                -58,
                7
            ],
            [
                0,
                -7
            ],
            [
                38,
                -42
            ],
            [
                96,
                -7
            ],
            [
                19,
                -35
            ],
            [
                -95,
                -14
            ],
            [
                38,
                -84
            ],
            [
                0,
                -63
            ],
            [
                -77,
                -41
            ]
        ],
        [
            [
                3797,
                6506
            ],
            [
                -76,
                -14
            ],
            [
                -95,
                21
            ],
            [
                -58,
                -14
            ],
            [
                -19,
                55
            ],
            [
                -95,
                56
            ],
            [
                -57,
                -28
            ],
            [
                -19,
                21
            ],
            [
                -134,
                -7
            ],
            [
                -19,
                28
            ],
            [
                -57,
                -14
            ],
            [
                -39,
                21
            ],
            [
                -19,
                209
            ],
            [
                19,
                -7
            ],
            [
                0,
                21
            ],
            [
                -38,
                28
            ],
            [
                77,
                -28
            ],
            [
                57,
                84
            ],
            [
                -115,
                77
            ],
            [
                0,
                14
            ],
            [
                58,
                7
            ],
            [
                0,
                34
            ],
            [
                -58,
                35
            ],
            [
                -38,
                56
            ],
            [
                57,
                181
            ],
            [
                96,
                49
            ],
            [
                38,
                49
            ],
            [
                0,
                14
            ],
            [
                -38,
                -7
            ],
            [
                -76,
                49
            ],
            [
                95,
                14
            ],
            [
                38,
                56
            ],
            [
                38,
                -7
            ],
            [
                -38,
                41
            ],
            [
                153,
                0
            ],
            [
                57,
                105
            ],
            [
                134,
                14
            ],
            [
                0,
                14
            ],
            [
                19,
                7
            ],
            [
                38,
                -28
            ],
            [
                76,
                63
            ],
            [
                -19,
                56
            ],
            [
                76,
                14
            ],
            [
                96,
                -49
            ],
            [
                400,
                -70
            ],
            [
                96,
                -119
            ],
            [
                0,
                -62
            ],
            [
                76,
                0
            ],
            [
                115,
                -42
            ],
            [
                171,
                56
            ],
            [
                96,
                -7
            ],
            [
                76,
                -28
            ],
            [
                210,
                28
            ],
            [
                38,
                20
            ],
            [
                96,
                21
            ],
            [
                57,
                -7
            ],
            [
                19,
                -41
            ],
            [
                210,
                7
            ],
            [
                38,
                41
            ],
            [
                134,
                0
            ],
            [
                -19,
                307
            ],
            [
                76,
                49
            ],
            [
                -76,
                98
            ],
            [
                95,
                -7
            ],
            [
                19,
                -42
            ],
            [
                134,
                -98
            ],
            [
                133,
                49
            ],
            [
                38,
                49
            ],
            [
                77,
                35
            ],
            [
                0,
                49
            ],
            [
                -210,
                118
            ],
            [
                -19,
                49
            ],
            [
                57,
                49
            ],
            [
                -19,
                35
            ],
            [
                57,
                104
            ],
            [
                115,
                49
            ],
            [
                0,
                56
            ],
            [
                95,
                49
            ],
            [
                19,
                27
            ],
            [
                76,
                28
            ],
            [
                172,
                133
            ],
            [
                96,
                -28
            ],
            [
                57,
                28
            ],
            [
                -57,
                56
            ],
            [
                19,
                41
            ],
            [
                95,
                14
            ],
            [
                96,
                91
            ],
            [
                114,
                63
            ],
            [
                57,
                -21
            ],
            [
                134,
                42
            ],
            [
                57,
                55
            ],
            [
                0,
                35
            ],
            [
                38,
                28
            ],
            [
                0,
                21
            ],
            [
                134,
                119
            ],
            [
                76,
                28
            ],
            [
                76,
                76
            ],
            [
                39,
                -7
            ],
            [
                171,
                77
            ],
            [
                -152,
                84
            ],
            [
                57,
                21
            ],
            [
                95,
                -70
            ],
            [
                77,
                -7
            ],
            [
                362,
                91
            ],
            [
                -95,
                132
            ],
            [
                -57,
                14
            ],
            [
                0,
                42
            ],
            [
                38,
                35
            ],
            [
                38,
                14
            ],
            [
                38,
                -28
            ],
            [
                57,
                7
            ],
            [
                38,
                -21
            ],
            [
                20,
                -35
            ],
            [
                229,
                -126
            ],
            [
                57,
                42
            ],
            [
                0,
                14
            ],
            [
                38,
                49
            ],
            [
                76,
                -42
            ],
            [
                77,
                28
            ],
            [
                114,
                -132
            ],
            [
                57,
                -14
            ],
            [
                115,
                7
            ],
            [
                76,
                104
            ],
            [
                229,
                181
            ],
            [
                153,
                35
            ],
            [
                114,
                56
            ],
            [
                38,
                -14
            ],
            [
                77,
                0
            ],
            [
                76,
                35
            ],
            [
                38,
                -21
            ],
            [
                -19,
                -42
            ],
            [
                -172,
                -132
            ],
            [
                20,
                -28
            ],
            [
                57,
                -7
            ],
            [
                -19,
                -28
            ],
            [
                38,
                -28
            ],
            [
                76,
                14
            ],
            [
                19,
                -42
            ],
            [
                57,
                14
            ],
            [
                -19,
                -21
            ],
            [
                0,
                -21
            ],
            [
                115,
                -14
            ],
            [
                -19,
                -14
            ],
            [
                -38,
                -27
            ],
            [
                0,
                -42
            ],
            [
                -96,
                -105
            ],
            [
                19,
                -28
            ],
            [
                -57,
                -76
            ],
            [
                -76,
                -49
            ],
            [
                -96,
                -14
            ],
            [
                -95,
                -49
            ],
            [
                38,
                -63
            ],
            [
                19,
                -56
            ],
            [
                -38,
                -27
            ],
            [
                19,
                -35
            ],
            [
                -95,
                -84
            ],
            [
                19,
                -35
            ],
            [
                -57,
                -42
            ],
            [
                -77,
                -118
            ],
            [
                19,
                -42
            ],
            [
                39,
                -7
            ],
            [
                -20,
                -77
            ],
            [
                -57,
                -14
            ],
            [
                0,
                -76
            ],
            [
                -38,
                -14
            ],
            [
                -115,
                7
            ],
            [
                -76,
                -98
            ],
            [
                -57,
                -14
            ],
            [
                -95,
                -63
            ],
            [
                -115,
                -7
            ],
            [
                -19,
                -14
            ],
            [
                -19,
                -90
            ],
            [
                -76,
                -14
            ],
            [
                -20,
                -35
            ],
            [
                20,
                -70
            ],
            [
                -39,
                -42
            ],
            [
                0,
                -76
            ],
            [
                39,
                -49
            ],
            [
                0,
                -49
            ],
            [
                133,
                -49
            ],
            [
                115,
                -153
            ],
            [
                152,
                -56
            ],
            [
                0,
                -21
            ],
            [
                -95,
                -28
            ],
            [
                172,
                -69
            ],
            [
                -58,
                -35
            ],
            [
                58,
                -91
            ],
            [
                -39,
                -35
            ],
            [
                -57,
                -104
            ],
            [
                -172,
                -28
            ],
            [
                -19,
                -77
            ],
            [
                115,
                -28
            ],
            [
                -38,
                -49
            ],
            [
                19,
                -35
            ],
            [
                -57,
                -7
            ],
            [
                -39,
                -55
            ],
            [
                -171,
                -119
            ],
            [
                0,
                -42
            ],
            [
                -134,
                -76
            ],
            [
                -57,
                -14
            ],
            [
                38,
                -35
            ],
            [
                -115,
                14
            ],
            [
                77,
                -56
            ]
        ],
        [
            [
                8568,
                6687
            ],
            [
                0,
                -28
            ],
            [
                -38,
                -84
            ],
            [
                -39,
                -7
            ],
            [
                77,
                -27
            ],
            [
                -19,
                -35
            ],
            [
                19,
                -28
            ],
            [
                -19,
                -42
            ],
            [
                -58,
                -14
            ],
            [
                96,
                -14
            ],
            [
                -38,
                -42
            ],
            [
                76,
                14
            ],
            [
                -38,
                -28
            ],
            [
                0,
                -42
            ],
            [
                -38,
                21
            ],
            [
                -38,
                -7
            ],
            [
                190,
                -132
            ],
            [
                -19,
                -42
            ],
            [
                19,
                -21
            ],
            [
                0,
                -56
            ],
            [
                -38,
                -42
            ],
            [
                19,
                -41
            ],
            [
                -57,
                -119
            ],
            [
                19,
                -49
            ],
            [
                19,
                -48
            ],
            [
                -38,
                -35
            ],
            [
                -19,
                -119
            ],
            [
                76,
                -132
            ],
            [
                0,
                -49
            ],
            [
                38,
                -21
            ],
            [
                -19,
                -28
            ],
            [
                39,
                -42
            ],
            [
                -20,
                -49
            ],
            [
                58,
                -7
            ],
            [
                19,
                -27
            ]
        ],
        [
            [
                8797,
                5265
            ],
            [
                -248,
                -56
            ],
            [
                -77,
                -63
            ],
            [
                -76,
                -21
            ],
            [
                -57,
                -35
            ],
            [
                -191,
                0
            ],
            [
                -76,
                -42
            ],
            [
                0,
                -21
            ],
            [
                152,
                -41
            ],
            [
                58,
                -42
            ],
            [
                -20,
                -21
            ],
            [
                58,
                -28
            ],
            [
                -19,
                -28
            ],
            [
                -58,
                -21
            ],
            [
                -95,
                -70
            ],
            [
                -76,
                -20
            ],
            [
                -96,
                -63
            ],
            [
                -38,
                35
            ],
            [
                -76,
                -28
            ],
            [
                -38,
                35
            ],
            [
                -20,
                -35
            ],
            [
                -133,
                0
            ],
            [
                -57,
                35
            ],
            [
                -38,
                -14
            ],
            [
                -77,
                21
            ],
            [
                -95,
                -7
            ],
            [
                -76,
                -35
            ],
            [
                -153,
                42
            ],
            [
                -134,
                0
            ],
            [
                -38,
                -28
            ],
            [
                -38,
                -77
            ]
        ],
        [
            [
                6965,
                4637
            ],
            [
                -19,
                21
            ],
            [
                0,
                28
            ],
            [
                -38,
                28
            ],
            [
                19,
                21
            ],
            [
                -38,
                28
            ],
            [
                38,
                13
            ],
            [
                -19,
                14
            ],
            [
                0,
                35
            ],
            [
                -77,
                -14
            ],
            [
                -38,
                28
            ],
            [
                -305,
                7
            ],
            [
                -19,
                14
            ],
            [
                0,
                49
            ],
            [
                -58,
                7
            ],
            [
                -114,
                -14
            ],
            [
                -38,
                -35
            ],
            [
                -76,
                7
            ],
            [
                -210,
                -223
            ],
            [
                -115,
                -35
            ]
        ],
        [
            [
                5858,
                4616
            ],
            [
                -19,
                7
            ],
            [
                -38,
                42
            ],
            [
                -57,
                7
            ],
            [
                -39,
                118
            ],
            [
                -171,
                35
            ],
            [
                -19,
                35
            ],
            [
                -77,
                7
            ]
        ],
        [
            [
                5438,
                4867
            ],
            [
                -19,
                28
            ],
            [
                -114,
                56
            ],
            [
                -38,
                55
            ],
            [
                0,
                210
            ],
            [
                -38,
                76
            ],
            [
                133,
                91
            ],
            [
                115,
                -7
            ],
            [
                76,
                105
            ],
            [
                0,
                69
            ],
            [
                38,
                84
            ],
            [
                -76,
                84
            ],
            [
                -38,
                63
            ],
            [
                38,
                41
            ],
            [
                38,
                0
            ],
            [
                38,
                77
            ],
            [
                0,
                28
            ],
            [
                -95,
                7
            ],
            [
                -77,
                70
            ],
            [
                -19,
                -14
            ],
            [
                -76,
                14
            ],
            [
                -115,
                69
            ],
            [
                -57,
                -76
            ],
            [
                -76,
                21
            ],
            [
                -38,
                76
            ],
            [
                -39,
                14
            ],
            [
                -38,
                42
            ],
            [
                -76,
                21
            ],
            [
                -19,
                -21
            ],
            [
                -57,
                14
            ],
            [
                0,
                -14
            ],
            [
                -96,
                35
            ],
            [
                0,
                63
            ],
            [
                -76,
                -84
            ],
            [
                -76,
                42
            ],
            [
                -19,
                -14
            ],
            [
                -39,
                28
            ],
            [
                -38,
                -14
            ],
            [
                -57,
                14
            ],
            [
                -38,
                42
            ],
            [
                38,
                28
            ],
            [
                -38,
                27
            ],
            [
                -38,
                -34
            ],
            [
                -77,
                0
            ],
            [
                0,
                55
            ],
            [
                -57,
                63
            ],
            [
                -114,
                42
            ],
            [
                -115,
                7
            ],
            [
                -38,
                35
            ],
            [
                -95,
                -7
            ],
            [
                -39,
                28
            ]
        ],
        [
            [
                1889,
                2385
            ],
            [
                38,
                -7
            ],
            [
                38,
                21
            ],
            [
                0,
                28
            ],
            [
                58,
                27
            ],
            [
                -19,
                21
            ],
            [
                95,
                21
            ],
            [
                -38,
                35
            ],
            [
                210,
                -35
            ],
            [
                19,
                21
            ],
            [
                0,
                161
            ],
            [
                57,
                28
            ],
            [
                38,
                48
            ],
            [
                58,
                -42
            ],
            [
                171,
                -62
            ],
            [
                77,
                7
            ],
            [
                0,
                49
            ],
            [
                19,
                48
            ],
            [
                38,
                -55
            ],
            [
                114,
                -42
            ],
            [
                19,
                21
            ],
            [
                39,
                -49
            ],
            [
                114,
                -7
            ],
            [
                57,
                21
            ],
            [
                58,
                -21
            ],
            [
                -39,
                -49
            ],
            [
                19,
                -35
            ],
            [
                153,
                -28
            ],
            [
                38,
                -49
            ],
            [
                96,
                21
            ],
            [
                57,
                28
            ],
            [
                76,
                0
            ],
            [
                57,
                28
            ],
            [
                20,
                -7
            ],
            [
                76,
                28
            ]
        ],
        [
            [
                3702,
                2559
            ],
            [
                76,
                -28
            ],
            [
                96,
                35
            ],
            [
                229,
                -42
            ],
            [
                95,
                63
            ],
            [
                19,
                -14
            ],
            [
                57,
                7
            ],
            [
                172,
                -35
            ]
        ],
        [
            [
                4446,
                2545
            ],
            [
                0,
                -104
            ],
            [
                38,
                -49
            ],
            [
                -19,
                -105
            ],
            [
                134,
                -42
            ],
            [
                19,
                -28
            ],
            [
                -19,
                -48
            ],
            [
                -153,
                -98
            ],
            [
                0,
                -63
            ],
            [
                -38,
                -35
            ],
            [
                76,
                -55
            ],
            [
                77,
                -14
            ],
            [
                -39,
                -42
            ],
            [
                20,
                -70
            ],
            [
                -20,
                -49
            ],
            [
                77,
                -90
            ],
            [
                -38,
                -42
            ],
            [
                0,
                -42
            ],
            [
                -19,
                -35
            ],
            [
                -39,
                -7
            ],
            [
                -19,
                -35
            ],
            [
                38,
                -14
            ],
            [
                39,
                -62
            ],
            [
                57,
                -28
            ],
            [
                -19,
                -28
            ],
            [
                95,
                -21
            ],
            [
                96,
                -70
            ],
            [
                19,
                -77
            ],
            [
                0,
                -55
            ],
            [
                -134,
                14
            ],
            [
                115,
                -56
            ],
            [
                57,
                -98
            ],
            [
                -172,
                -84
            ],
            [
                -114,
                14
            ],
            [
                38,
                -76
            ],
            [
                -57,
                0
            ],
            [
                38,
                -42
            ],
            [
                0,
                -21
            ],
            [
                95,
                -70
            ],
            [
                0,
                -21
            ],
            [
                -38,
                -21
            ]
        ],
        [
            [
                4637,
                676
            ],
            [
                -38,
                -27
            ],
            [
                -115,
                20
            ],
            [
                -76,
                -20
            ],
            [
                0,
                -49
            ],
            [
                -57,
                -42
            ],
            [
                -39,
                0
            ],
            [
                -114,
                77
            ],
            [
                -76,
                -7
            ],
            [
                -38,
                27
            ],
            [
                -153,
                140
            ],
            [
                -76,
                0
            ],
            [
                -39,
                56
            ],
            [
                -57,
                42
            ],
            [
                -95,
                7
            ],
            [
                -115,
                -35
            ],
            [
                -76,
                42
            ],
            [
                -76,
                6
            ],
            [
                19,
                35
            ],
            [
                -38,
                21
            ],
            [
                0,
                77
            ],
            [
                -39,
                14
            ],
            [
                -76,
                0
            ],
            [
                -38,
                -35
            ],
            [
                -96,
                -35
            ],
            [
                20,
                -21
            ],
            [
                -39,
                -7
            ],
            [
                -19,
                -76
            ],
            [
                -57,
                14
            ],
            [
                -95,
                76
            ],
            [
                -96,
                14
            ],
            [
                -38,
                35
            ],
            [
                -57,
                21
            ],
            [
                57,
                77
            ],
            [
                -19,
                48
            ],
            [
                0,
                28
            ],
            [
                -57,
                35
            ],
            [
                0,
                35
            ],
            [
                -96,
                21
            ],
            [
                -152,
                -21
            ],
            [
                -38,
                21
            ],
            [
                -58,
                0
            ],
            [
                -133,
                -28
            ],
            [
                -19,
                49
            ],
            [
                -77,
                0
            ],
            [
                -210,
                -91
            ],
            [
                -133,
                7
            ],
            [
                -76,
                -28
            ],
            [
                -58,
                14
            ],
            [
                -19,
                -28
            ],
            [
                -76,
                -27
            ],
            [
                -96,
                62
            ],
            [
                -133,
                7
            ],
            [
                -19,
                28
            ],
            [
                -134,
                0
            ],
            [
                -133,
                35
            ],
            [
                -77,
                56
            ],
            [
                58,
                35
            ],
            [
                0,
                35
            ],
            [
                -77,
                69
            ],
            [
                -76,
                -56
            ],
            [
                -77,
                21
            ],
            [
                -57,
                -28
            ],
            [
                -57,
                14
            ],
            [
                -95,
                -20
            ],
            [
                -19,
                6
            ],
            [
                -20,
                -69
            ],
            [
                -76,
                -28
            ],
            [
                0,
                21
            ],
            [
                -114,
                -14
            ],
            [
                -58,
                -35
            ],
            [
                -133,
                -35
            ],
            [
                -19,
                35
            ],
            [
                -58,
                0
            ],
            [
                20,
                49
            ],
            [
                -20,
                28
            ],
            [
                -57,
                21
            ],
            [
                0,
                48
            ],
            [
                -57,
                42
            ],
            [
                19,
                49
            ],
            [
                115,
                -14
            ],
            [
                38,
                -35
            ],
            [
                76,
                7
            ],
            [
                38,
                28
            ],
            [
                96,
                14
            ],
            [
                38,
                -14
            ],
            [
                152,
                63
            ],
            [
                77,
                -14
            ],
            [
                95,
                63
            ],
            [
                19,
                55
            ],
            [
                -19,
                35
            ],
            [
                19,
                14
            ],
            [
                -19,
                35
            ],
            [
                38,
                21
            ],
            [
                -38,
                14
            ],
            [
                19,
                28
            ],
            [
                -57,
                -7
            ],
            [
                57,
                70
            ],
            [
                57,
                -84
            ],
            [
                20,
                28
            ],
            [
                -20,
                70
            ],
            [
                -38,
                0
            ],
            [
                -38,
                41
            ],
            [
                -114,
                -14
            ],
            [
                -96,
                35
            ],
            [
                -19,
                28
            ],
            [
                -57,
                7
            ],
            [
                -19,
                28
            ],
            [
                19,
                7
            ],
            [
                0,
                21
            ],
            [
                -76,
                70
            ],
            [
                190,
                -7
            ],
            [
                39,
                139
            ],
            [
                95,
                84
            ],
            [
                38,
                -7
            ],
            [
                57,
                42
            ],
            [
                0,
                35
            ],
            [
                134,
                -21
            ],
            [
                95,
                28
            ],
            [
                58,
                -21
            ],
            [
                -19,
                -35
            ],
            [
                76,
                14
            ],
            [
                -19,
                -7
            ],
            [
                19,
                -28
            ],
            [
                76,
                -14
            ],
            [
                153,
                77
            ],
            [
                114,
                -21
            ],
            [
                58,
                35
            ],
            [
                95,
                7
            ],
            [
                19,
                -14
            ],
            [
                19,
                -84
            ],
            [
                19,
                -21
            ],
            [
                58,
                7
            ],
            [
                19,
                -42
            ],
            [
                76,
                35
            ],
            [
                0,
                49
            ],
            [
                38,
                21
            ]
        ],
        [
            [
                4446,
                2545
            ],
            [
                57,
                21
            ],
            [
                172,
                -21
            ],
            [
                305,
                105
            ],
            [
                77,
                -35
            ],
            [
                152,
                49
            ],
            [
                153,
                -49
            ],
            [
                57,
                77
            ],
            [
                77,
                20
            ],
            [
                95,
                -20
            ],
            [
                76,
                14
            ],
            [
                19,
                -42
            ],
            [
                134,
                14
            ]
        ],
        [
            [
                5820,
                2678
            ],
            [
                -19,
                -49
            ],
            [
                134,
                0
            ],
            [
                57,
                -21
            ],
            [
                19,
                -42
            ],
            [
                -38,
                -63
            ],
            [
                -38,
                -7
            ],
            [
                -39,
                35
            ],
            [
                -95,
                -70
            ],
            [
                -57,
                14
            ],
            [
                0,
                -21
            ],
            [
                38,
                -13
            ],
            [
                0,
                -14
            ],
            [
                -115,
                -105
            ],
            [
                -190,
                7
            ],
            [
                0,
                -42
            ],
            [
                -96,
                -63
            ],
            [
                19,
                -62
            ],
            [
                -38,
                -42
            ],
            [
                0,
                -98
            ],
            [
                115,
                21
            ],
            [
                57,
                -7
            ],
            [
                57,
                -56
            ],
            [
                57,
                14
            ],
            [
                96,
                -35
            ],
            [
                171,
                -118
            ],
            [
                77,
                -42
            ],
            [
                57,
                21
            ],
            [
                0,
                35
            ],
            [
                114,
                21
            ],
            [
                39,
                35
            ],
            [
                114,
                -70
            ],
            [
                172,
                42
            ],
            [
                57,
                -28
            ],
            [
                115,
                -14
            ],
            [
                19,
                -42
            ],
            [
                57,
                28
            ],
            [
                114,
                0
            ]
        ],
        [
            [
                6850,
                1827
            ],
            [
                306,
                -49
            ],
            [
                133,
                7
            ],
            [
                191,
                -63
            ],
            [
                -57,
                -195
            ],
            [
                38,
                -42
            ],
            [
                95,
                14
            ],
            [
                39,
                28
            ],
            [
                76,
                -7
            ],
            [
                57,
                -21
            ],
            [
                153,
                -21
            ],
            [
                114,
                -42
            ],
            [
                77,
                -34
            ],
            [
                -19,
                -49
            ],
            [
                57,
                -21
            ],
            [
                19,
                -49
            ],
            [
                -38,
                -49
            ],
            [
                38,
                -14
            ],
            [
                57,
                -49
            ],
            [
                -95,
                -48
            ],
            [
                -38,
                28
            ],
            [
                -77,
                7
            ],
            [
                19,
                -42
            ],
            [
                -114,
                -56
            ],
            [
                -229,
                63
            ],
            [
                -134,
                -21
            ],
            [
                -114,
                14
            ],
            [
                -38,
                21
            ],
            [
                -191,
                -14
            ],
            [
                38,
                -63
            ],
            [
                -95,
                -35
            ],
            [
                -115,
                -105
            ],
            [
                19,
                -41
            ],
            [
                -57,
                -21
            ],
            [
                38,
                -63
            ],
            [
                -57,
                -49
            ],
            [
                57,
                -14
            ],
            [
                57,
                -77
            ],
            [
                96,
                -20
            ],
            [
                -38,
                -63
            ],
            [
                57,
                -63
            ],
            [
                -57,
                -98
            ],
            [
                0,
                -41
            ],
            [
                57,
                -35
            ],
            [
                19,
                -35
            ],
            [
                -76,
                -63
            ],
            [
                38,
                -14
            ],
            [
                57,
                -90
            ],
            [
                -57,
                -14
            ],
            [
                -38,
                -28
            ],
            [
                19,
                -35
            ],
            [
                -58,
                -28
            ],
            [
                -209,
                -7
            ],
            [
                -115,
                -21
            ],
            [
                -153,
                14
            ],
            [
                -19,
                35
            ],
            [
                -38,
                21
            ],
            [
                38,
                21
            ],
            [
                0,
                21
            ],
            [
                -152,
                28
            ],
            [
                0,
                55
            ],
            [
                -191,
                91
            ],
            [
                -172,
                63
            ],
            [
                -172,
                14
            ],
            [
                -57,
                55
            ],
            [
                -95,
                14
            ],
            [
                -77,
                35
            ],
            [
                -38,
                42
            ],
            [
                -114,
                0
            ],
            [
                -153,
                84
            ],
            [
                -114,
                35
            ],
            [
                0,
                55
            ],
            [
                -77,
                35
            ],
            [
                -210,
                -21
            ],
            [
                -38,
                -28
            ],
            [
                -133,
                49
            ],
            [
                -115,
                -63
            ],
            [
                -38,
                21
            ]
        ],
        [
            [
                5820,
                2678
            ],
            [
                95,
                28
            ],
            [
                39,
                41
            ],
            [
                152,
                21
            ],
            [
                77,
                42
            ],
            [
                95,
                -21
            ],
            [
                19,
                -35
            ],
            [
                38,
                -7
            ],
            [
                134,
                -7
            ],
            [
                76,
                21
            ],
            [
                96,
                -35
            ],
            [
                76,
                14
            ],
            [
                153,
                -34
            ],
            [
                95,
                13
            ],
            [
                172,
                70
            ],
            [
                0,
                49
            ],
            [
                -115,
                56
            ],
            [
                57,
                97
            ],
            [
                115,
                14
            ],
            [
                57,
                35
            ],
            [
                134,
                -7
            ],
            [
                0,
                35
            ],
            [
                76,
                49
            ],
            [
                0,
                -21
            ],
            [
                57,
                7
            ],
            [
                -114,
                56
            ],
            [
                0,
                21
            ]
        ],
        [
            [
                7404,
                3180
            ],
            [
                0,
                48
            ],
            [
                38,
                7
            ],
            [
                38,
                -41
            ],
            [
                0,
                55
            ],
            [
                38,
                28
            ],
            [
                58,
                -28
            ],
            [
                38,
                7
            ],
            [
                19,
                -34
            ],
            [
                57,
                -21
            ],
            [
                57,
                21
            ],
            [
                19,
                -42
            ],
            [
                58,
                14
            ],
            [
                38,
                21
            ],
            [
                -19,
                76
            ],
            [
                57,
                14
            ],
            [
                -57,
                70
            ],
            [
                57,
                21
            ],
            [
                38,
                42
            ],
            [
                76,
                21
            ],
            [
                115,
                0
            ],
            [
                210,
                -49
            ],
            [
                248,
                21
            ]
        ],
        [
            [
                8587,
                3431
            ],
            [
                76,
                0
            ],
            [
                38,
                -84
            ],
            [
                0,
                -21
            ],
            [
                -38,
                -7
            ],
            [
                -57,
                -35
            ],
            [
                -19,
                -7
            ],
            [
                0,
                -49
            ],
            [
                191,
                -41
            ],
            [
                19,
                -28
            ],
            [
                152,
                -42
            ],
            [
                -19,
                -42
            ],
            [
                -76,
                -42
            ],
            [
                19,
                -35
            ],
            [
                -38,
                -35
            ],
            [
                38,
                -20
            ],
            [
                38,
                7
            ],
            [
                58,
                -70
            ],
            [
                38,
                -35
            ],
            [
                -153,
                -63
            ],
            [
                0,
                -21
            ],
            [
                38,
                -42
            ],
            [
                96,
                7
            ],
            [
                76,
                -20
            ],
            [
                57,
                -49
            ],
            [
                57,
                0
            ],
            [
                77,
                -56
            ],
            [
                38,
                -112
            ],
            [
                286,
                -111
            ],
            [
                0,
                -63
            ],
            [
                38,
                -63
            ],
            [
                -19,
                -35
            ],
            [
                -38,
                -21
            ],
            [
                76,
                -90
            ],
            [
                0,
                -42
            ],
            [
                -57,
                -14
            ],
            [
                -38,
                -70
            ],
            [
                19,
                -21
            ],
            [
                -57,
                7
            ],
            [
                -76,
                -62
            ],
            [
                -77,
                7
            ],
            [
                -76,
                -14
            ],
            [
                -19,
                -63
            ],
            [
                -96,
                0
            ],
            [
                -57,
                -21
            ],
            [
                -38,
                -49
            ],
            [
                -95,
                77
            ],
            [
                -39,
                -14
            ],
            [
                -57,
                14
            ],
            [
                -19,
                104
            ],
            [
                -95,
                21
            ],
            [
                0,
                -35
            ],
            [
                -39,
                7
            ],
            [
                -76,
                -76
            ],
            [
                -191,
                14
            ],
            [
                -38,
                -21
            ],
            [
                -191,
                -7
            ],
            [
                -95,
                63
            ],
            [
                -172,
                -7
            ],
            [
                -19,
                -14
            ],
            [
                -76,
                14
            ],
            [
                -58,
                -7
            ],
            [
                -209,
                62
            ],
            [
                -210,
                -21
            ],
            [
                -57,
                7
            ],
            [
                -20,
                21
            ],
            [
                -76,
                -7
            ],
            [
                -57,
                28
            ],
            [
                -19,
                -49
            ],
            [
                -153,
                14
            ],
            [
                -38,
                -27
            ],
            [
                0,
                -14
            ],
            [
                -115,
                -84
            ]
        ],
        [
            [
                4045,
                4149
            ],
            [
                0,
                -42
            ],
            [
                58,
                -63
            ],
            [
                0,
                -56
            ],
            [
                95,
                -7
            ],
            [
                76,
                21
            ],
            [
                0,
                -69
            ],
            [
                96,
                -35
            ],
            [
                38,
                -195
            ],
            [
                -57,
                -21
            ],
            [
                -19,
                -42
            ],
            [
                38,
                -42
            ],
            [
                -19,
                -63
            ],
            [
                57,
                -14
            ],
            [
                -38,
                -49
            ],
            [
                76,
                -153
            ],
            [
                -172,
                0
            ],
            [
                0,
                -35
            ],
            [
                38,
                -14
            ],
            [
                134,
                0
            ],
            [
                0,
                -62
            ]
        ],
        [
            [
                4446,
                3208
            ],
            [
                -38,
                -14
            ],
            [
                -19,
                -70
            ],
            [
                -19,
                -21
            ],
            [
                -19,
                -63
            ],
            [
                -96,
                -84
            ],
            [
                19,
                -62
            ],
            [
                -57,
                0
            ],
            [
                -38,
                21
            ],
            [
                -95,
                -35
            ],
            [
                -58,
                28
            ],
            [
                -76,
                -63
            ],
            [
                -114,
                -28
            ],
            [
                -20,
                -84
            ],
            [
                39,
                -14
            ],
            [
                -58,
                -48
            ],
            [
                0,
                -42
            ],
            [
                -95,
                -70
            ]
        ],
        [
            [
                1889,
                2385
            ],
            [
                0,
                56
            ],
            [
                -38,
                55
            ],
            [
                -134,
                49
            ],
            [
                0,
                77
            ],
            [
                -38,
                42
            ],
            [
                0,
                28
            ],
            [
                58,
                14
            ],
            [
                19,
                20
            ],
            [
                -58,
                28
            ],
            [
                -76,
                -7
            ],
            [
                -19,
                56
            ],
            [
                95,
                70
            ],
            [
                0,
                70
            ],
            [
                77,
                62
            ],
            [
                -19,
                49
            ],
            [
                114,
                0
            ],
            [
                19,
                35
            ],
            [
                -38,
                112
            ],
            [
                -57,
                34
            ],
            [
                -57,
                -7
            ],
            [
                38,
                42
            ],
            [
                19,
                14
            ],
            [
                95,
                -21
            ],
            [
                19,
                -35
            ],
            [
                57,
                14
            ],
            [
                39,
                -20
            ],
            [
                57,
                13
            ],
            [
                38,
                35
            ],
            [
                0,
                49
            ],
            [
                -19,
                14
            ],
            [
                38,
                49
            ],
            [
                -114,
                28
            ],
            [
                -39,
                69
            ],
            [
                -57,
                14
            ],
            [
                19,
                7
            ],
            [
                -76,
                28
            ],
            [
                -38,
                -7
            ],
            [
                -76,
                56
            ],
            [
                -58,
                7
            ],
            [
                -114,
                -28
            ],
            [
                -96,
                14
            ],
            [
                0,
                56
            ],
            [
                -38,
                28
            ],
            [
                115,
                56
            ],
            [
                38,
                0
            ],
            [
                38,
                34
            ],
            [
                38,
                -27
            ],
            [
                38,
                14
            ],
            [
                -38,
                34
            ],
            [
                19,
                49
            ],
            [
                58,
                14
            ],
            [
                19,
                35
            ],
            [
                76,
                0
            ],
            [
                -19,
                35
            ],
            [
                57,
                35
            ],
            [
                0,
                35
            ],
            [
                -95,
                76
            ],
            [
                19,
                35
            ],
            [
                -57,
                35
            ],
            [
                -20,
                42
            ],
            [
                39,
                42
            ],
            [
                -39,
                21
            ],
            [
                77,
                0
            ],
            [
                57,
                76
            ],
            [
                172,
                -28
            ],
            [
                76,
                14
            ],
            [
                19,
                28
            ],
            [
                191,
                -28
            ],
            [
                153,
                14
            ],
            [
                95,
                -35
            ],
            [
                57,
                7
            ],
            [
                -19,
                -7
            ],
            [
                38,
                -34
            ],
            [
                77,
                7
            ],
            [
                0,
                -21
            ],
            [
                57,
                -7
            ],
            [
                19,
                -63
            ],
            [
                134,
                -42
            ],
            [
                38,
                -70
            ],
            [
                133,
                28
            ],
            [
                58,
                42
            ],
            [
                57,
                0
            ],
            [
                38,
                -28
            ],
            [
                76,
                28
            ],
            [
                96,
                -28
            ],
            [
                114,
                0
            ],
            [
                76,
                70
            ],
            [
                58,
                -21
            ],
            [
                19,
                21
            ],
            [
                38,
                -7
            ],
            [
                0,
                -56
            ],
            [
                76,
                42
            ],
            [
                248,
                28
            ]
        ],
        [
            [
                6049,
                3954
            ],
            [
                0,
                83
            ],
            [
                153,
                7
            ],
            [
                57,
                35
            ],
            [
                -19,
                49
            ],
            [
                95,
                42
            ],
            [
                134,
                0
            ],
            [
                -38,
                49
            ],
            [
                114,
                28
            ],
            [
                38,
                62
            ],
            [
                38,
                -14
            ],
            [
                153,
                7
            ],
            [
                57,
                -35
            ],
            [
                19,
                21
            ],
            [
                0,
                98
            ],
            [
                -133,
                7
            ],
            [
                -76,
                49
            ],
            [
                -20,
                55
            ],
            [
                -38,
                7
            ],
            [
                153,
                42
            ],
            [
                57,
                49
            ],
            [
                153,
                21
            ],
            [
                19,
                21
            ]
        ],
        [
            [
                8797,
                5265
            ],
            [
                19,
                -56
            ],
            [
                19,
                -140
            ],
            [
                57,
                -63
            ],
            [
                -19,
                -62
            ],
            [
                -324,
                -356
            ],
            [
                -58,
                -111
            ],
            [
                0,
                -119
            ],
            [
                -152,
                -216
            ],
            [
                -134,
                -77
            ],
            [
                57,
                -63
            ],
            [
                20,
                -55
            ],
            [
                -39,
                -203
            ],
            [
                77,
                -48
            ],
            [
                171,
                -28
            ],
            [
                -19,
                -42
            ],
            [
                58,
                0
            ],
            [
                -77,
                -56
            ],
            [
                77,
                -111
            ],
            [
                57,
                -28
            ]
        ],
        [
            [
                7404,
                3180
            ],
            [
                -57,
                35
            ],
            [
                -153,
                0
            ],
            [
                -96,
                27
            ],
            [
                -95,
                -7
            ],
            [
                -114,
                63
            ],
            [
                0,
                112
            ],
            [
                -115,
                104
            ],
            [
                38,
                35
            ],
            [
                -38,
                35
            ],
            [
                96,
                28
            ],
            [
                -58,
                237
            ],
            [
                -95,
                -7
            ],
            [
                -19,
                -42
            ],
            [
                -96,
                -14
            ],
            [
                -210,
                7
            ]
        ],
        [
            [
                6392,
                3793
            ],
            [
                0,
                14
            ],
            [
                -133,
                -7
            ],
            [
                -19,
                21
            ],
            [
                -77,
                -35
            ],
            [
                -19,
                21
            ],
            [
                19,
                77
            ],
            [
                -114,
                70
            ]
        ],
        [
            [
                5858,
                4616
            ],
            [
                19,
                -21
            ],
            [
                -210,
                -42
            ],
            [
                -76,
                -76
            ],
            [
                -57,
                -21
            ],
            [
                -77,
                -63
            ],
            [
                58,
                -49
            ],
            [
                -96,
                -21
            ],
            [
                19,
                -14
            ],
            [
                0,
                -21
            ],
            [
                -57,
                -55
            ],
            [
                57,
                -35
            ],
            [
                115,
                -168
            ],
            [
                57,
                -21
            ],
            [
                76,
                7
            ],
            [
                96,
                -76
            ],
            [
                57,
                14
            ],
            [
                76,
                -14
            ],
            [
                39,
                28
            ],
            [
                95,
                -14
            ]
        ],
        [
            [
                6392,
                3793
            ],
            [
                -57,
                -76
            ],
            [
                0,
                -70
            ],
            [
                -133,
                21
            ],
            [
                -191,
                -35
            ],
            [
                38,
                -35
            ],
            [
                0,
                -63
            ],
            [
                -38,
                -90
            ],
            [
                -248,
                -70
            ],
            [
                -19,
                -91
            ],
            [
                -58,
                0
            ],
            [
                -38,
                -21
            ],
            [
                -76,
                -7
            ],
            [
                -19,
                -41
            ],
            [
                -57,
                27
            ],
            [
                -58,
                0
            ],
            [
                -95,
                -41
            ],
            [
                -153,
                -28
            ],
            [
                -248,
                -14
            ],
            [
                -76,
                21
            ],
            [
                -76,
                -14
            ],
            [
                -96,
                28
            ],
            [
                -114,
                -7
            ],
            [
                -134,
                21
            ]
        ],
        [
            [
                4045,
                4149
            ],
            [
                58,
                21
            ],
            [
                -19,
                35
            ],
            [
                -77,
                21
            ],
            [
                -57,
                41
            ],
            [
                0,
                21
            ],
            [
                -76,
                35
            ],
            [
                -19,
                91
            ],
            [
                -96,
                76
            ],
            [
                19,
                14
            ],
            [
                77,
                -14
            ],
            [
                57,
                42
            ],
            [
                -19,
                28
            ],
            [
                -19,
                7
            ],
            [
                57,
                7
            ],
            [
                191,
                -70
            ],
            [
                114,
                -7
            ],
            [
                38,
                21
            ],
            [
                38,
                -28
            ],
            [
                115,
                14
            ],
            [
                229,
                70
            ],
            [
                76,
                -14
            ],
            [
                58,
                -49
            ],
            [
                95,
                7
            ],
            [
                76,
                49
            ],
            [
                38,
                -28
            ],
            [
                134,
                -7
            ],
            [
                76,
                0
            ],
            [
                115,
                35
            ],
            [
                38,
                -21
            ],
            [
                95,
                154
            ],
            [
                -19,
                90
            ],
            [
                -38,
                21
            ],
            [
                38,
                56
            ]
        ]
    ],
    "bbox": [
        105.4907,
        31.7065,
        111.2476,
        39.5837
    ],
    "transform": {
        "scale": [
            0.0005757475747574759,
            0.0007877987798779881
        ],
        "translate": [
            105.4907,
            31.7065
        ]
    }
}