{
    "type": "Topology",
    "objects": {
        "collection": {
            "type": "GeometryCollection",
            "cp": [
                87.8695,
                31.6846
            ],
            "size": "550",
            "geometries": [
                {
                    "type": "Polygon",
                    "arcs": [
                        [
                            0,
                            1,
                            2,
                            3,
                            4,
                            5
                        ]
                    ]
                },
                {
                    "type": "Polygon",
                    "arcs": [
                        [
                            -6,
                            6,
                            7
                        ]
                    ]
                },
                {
                    "type": "Polygon",
                    "arcs": [
                        [
                            -7,
                            -5,
                            8,
                            9,
                            10
                        ]
                    ]
                },
                {
                    "type": "Polygon",
                    "arcs": [
                        [
                            -3,
                            11,
                            12,
                            13,
                            14
                        ]
                    ]
                },
                {
                    "type": "Polygon",
                    "arcs": [
                        [
                            15,
                            -12,
                            -2
                        ]
                    ]
                },
                {
                    "type": "Polygon",
                    "arcs": [
                        [
                            16,
                            -14,
                            17,
                            -10
                        ]
                    ]
                },
                {
                    "type": "Polygon",
                    "arcs": [
                        [
                            -4,
                            -15,
                            -17,
                            -9
                        ]
                    ]
                }
            ]
        }
    },
    "arcs": [
        [
            [
                3703,
                9349
            ],
            [
                84,
                302
            ],
            [
                59,
                17
            ],
            [
                37,
                63
            ],
            [
                37,
                -28
            ],
            [
                11,
                28
            ],
            [
                74,
                17
            ],
            [
                37,
                57
            ],
            [
                42,
                0
            ],
            [
                16,
                -40
            ],
            [
                59,
                40
            ],
            [
                58,
                -6
            ],
            [
                32,
                63
            ],
            [
                48,
                6
            ],
            [
                63,
                68
            ],
            [
                43,
                -11
            ],
            [
                21,
                -80
            ],
            [
                80,
                51
            ],
            [
                95,
                6
            ],
            [
                37,
                40
            ],
            [
                64,
                0
            ],
            [
                53,
                40
            ],
            [
                111,
                17
            ],
            [
                11,
                -34
            ],
            [
                42,
                5
            ],
            [
                16,
                -68
            ],
            [
                74,
                -85
            ],
            [
                32,
                51
            ],
            [
                43,
                6
            ],
            [
                21,
                -52
            ],
            [
                37,
                -5
            ],
            [
                37,
                -57
            ],
            [
                59,
                28
            ],
            [
                137,
                -148
            ],
            [
                85,
                -46
            ],
            [
                -90,
                -74
            ],
            [
                -48,
                12
            ],
            [
                6,
                -126
            ],
            [
                69,
                -57
            ],
            [
                106,
                -6
            ],
            [
                -32,
                -205
            ],
            [
                21,
                -74
            ],
            [
                -26,
                -6
            ],
            [
                -6,
                -39
            ],
            [
                22,
                -52
            ],
            [
                -27,
                -74
            ],
            [
                -90,
                -51
            ],
            [
                5,
                -109
            ],
            [
                -32,
                -39
            ],
            [
                37,
                -97
            ],
            [
                32,
                -29
            ],
            [
                -16,
                -171
            ],
            [
                16,
                -51
            ],
            [
                96,
                28
            ],
            [
                37,
                -108
            ],
            [
                -27,
                -68
            ],
            [
                -37,
                -18
            ],
            [
                -5,
                -74
            ],
            [
                32,
                -34
            ],
            [
                -6,
                -57
            ],
            [
                16,
                -40
            ],
            [
                -5,
                -137
            ],
            [
                32,
                -79
            ],
            [
                -16,
                -29
            ],
            [
                -5,
                -131
            ],
            [
                -59,
                -46
            ],
            [
                -26,
                -79
            ],
            [
                16,
                -92
            ],
            [
                53,
                -97
            ],
            [
                26,
                -5
            ],
            [
                37,
                -57
            ],
            [
                -10,
                -69
            ],
            [
                53,
                -57
            ],
            [
                -11,
                -97
            ],
            [
                16,
                -51
            ],
            [
                27,
                -11
            ],
            [
                10,
                -74
            ],
            [
                69,
                -40
            ],
            [
                53,
                -109
            ],
            [
                59,
                -28
            ],
            [
                100,
                -160
            ],
            [
                191,
                -28
            ],
            [
                64,
                62
            ],
            [
                74,
                -68
            ],
            [
                53,
                34
            ],
            [
                53,
                -108
            ],
            [
                154,
                -131
            ],
            [
                27,
                -91
            ],
            [
                85,
                62
            ],
            [
                31,
                -17
            ],
            [
                16,
                -23
            ],
            [
                -16,
                -39
            ],
            [
                0,
                -52
            ],
            [
                27,
                -28
            ],
            [
                95,
                34
            ],
            [
                96,
                -40
            ],
            [
                26,
                40
            ],
            [
                85,
                -68
            ],
            [
                69,
                45
            ],
            [
                22,
                -114
            ],
            [
                84,
                34
            ],
            [
                64,
                -131
            ],
            [
                42,
                17
            ],
            [
                32,
                -79
            ],
            [
                64,
                102
            ],
            [
                26,
                0
            ],
            [
                54,
                -28
            ],
            [
                26,
                -74
            ],
            [
                37,
                5
            ],
            [
                32,
                -34
            ],
            [
                32,
                17
            ],
            [
                26,
                -34
            ],
            [
                27,
                85
            ],
            [
                48,
                -11
            ],
            [
                37,
                34
            ],
            [
                10,
                69
            ],
            [
                27,
                -35
            ],
            [
                5,
                35
            ],
            [
                32,
                -6
            ],
            [
                48,
                74
            ],
            [
                58,
                -103
            ]
        ],
        [
            [
                7893,
                5934
            ],
            [
                -21,
                -62
            ],
            [
                -32,
                -34
            ],
            [
                42,
                -149
            ],
            [
                -5,
                -68
            ],
            [
                -32,
                -34
            ],
            [
                -10,
                -57
            ],
            [
                0,
                -69
            ],
            [
                16,
                -74
            ],
            [
                -11,
                -40
            ],
            [
                11,
                -68
            ],
            [
                -16,
                -69
            ],
            [
                10,
                -45
            ],
            [
                53,
                -46
            ],
            [
                6,
                -74
            ],
            [
                -43,
                -34
            ],
            [
                0,
                -40
            ],
            [
                27,
                0
            ],
            [
                16,
                -80
            ],
            [
                58,
                -34
            ],
            [
                5,
                -57
            ],
            [
                -16,
                -68
            ],
            [
                48,
                -46
            ],
            [
                11,
                -57
            ],
            [
                -6,
                -108
            ],
            [
                22,
                -40
            ],
            [
                -90,
                -57
            ],
            [
                -11,
                -46
            ],
            [
                -27,
                17
            ],
            [
                -21,
                69
            ],
            [
                0,
                74
            ],
            [
                27,
                119
            ],
            [
                -16,
                18
            ],
            [
                -59,
                -40
            ],
            [
                -21,
                62
            ],
            [
                16,
                35
            ],
            [
                -10,
                28
            ],
            [
                -59,
                -97
            ],
            [
                -32,
                6
            ],
            [
                -10,
                -52
            ],
            [
                -37,
                -17
            ],
            [
                -6,
                -74
            ],
            [
                -31,
                -91
            ],
            [
                58,
                -211
            ],
            [
                -11,
                -74
            ],
            [
                -138,
                23
            ],
            [
                -47,
                -34
            ],
            [
                -38,
                62
            ],
            [
                -79,
                35
            ],
            [
                -43,
                -63
            ],
            [
                38,
                -23
            ],
            [
                10,
                -51
            ],
            [
                -10,
                -46
            ],
            [
                47,
                -57
            ],
            [
                0,
                -34
            ],
            [
                117,
                -97
            ],
            [
                5,
                -57
            ],
            [
                59,
                -34
            ]
        ],
        [
            [
                7607,
                3774
            ],
            [
                -22,
                -23
            ],
            [
                0,
                -80
            ],
            [
                -42,
                -28
            ],
            [
                -16,
                -63
            ],
            [
                -53,
                34
            ],
            [
                -53,
                -57
            ],
            [
                -95,
                6
            ],
            [
                -64,
                34
            ],
            [
                -16,
                46
            ],
            [
                5,
                62
            ],
            [
                -79,
                86
            ],
            [
                -59,
                -103
            ],
            [
                -21,
                86
            ],
            [
                -26,
                17
            ],
            [
                0,
                74
            ],
            [
                -69,
                34
            ],
            [
                -6,
                -74
            ],
            [
                -42,
                -17
            ],
            [
                -11,
                -34
            ],
            [
                11,
                -51
            ],
            [
                -21,
                -75
            ],
            [
                0,
                -39
            ],
            [
                -27,
                5
            ],
            [
                0,
                -45
            ],
            [
                -32,
                22
            ],
            [
                -5,
                -91
            ]
        ],
        [
            [
                6864,
                3500
            ],
            [
                -106,
                46
            ],
            [
                -27,
                -17
            ],
            [
                -53,
                68
            ],
            [
                -31,
                -108
            ],
            [
                -38,
                6
            ],
            [
                -58,
                -40
            ],
            [
                -26,
                108
            ],
            [
                -27,
                0
            ],
            [
                -5,
                120
            ],
            [
                -21,
                28
            ],
            [
                15,
                74
            ],
            [
                32,
                23
            ],
            [
                -5,
                57
            ],
            [
                -69,
                91
            ],
            [
                -5,
                57
            ],
            [
                -96,
                -74
            ],
            [
                -53,
                57
            ],
            [
                5,
                57
            ],
            [
                -26,
                91
            ],
            [
                -16,
                206
            ],
            [
                -37,
                5
            ],
            [
                -21,
                -40
            ],
            [
                -48,
                46
            ],
            [
                -11,
                -46
            ],
            [
                22,
                -62
            ],
            [
                -38,
                -63
            ],
            [
                -37,
                46
            ],
            [
                -26,
                79
            ],
            [
                -16,
                12
            ],
            [
                -16,
                -29
            ],
            [
                -37,
                35
            ],
            [
                -37,
                -69
            ],
            [
                -64,
                -410
            ],
            [
                32,
                -103
            ],
            [
                -48,
                -63
            ],
            [
                -48,
                -22
            ],
            [
                -26,
                -52
            ],
            [
                -5,
                -51
            ],
            [
                -69,
                -6
            ],
            [
                -11,
                -91
            ],
            [
                -53,
                -171
            ],
            [
                -16,
                -11
            ],
            [
                0,
                -57
            ],
            [
                -27,
                -23
            ],
            [
                -63,
                40
            ]
        ],
        [
            [
                5554,
                3244
            ],
            [
                -16,
                68
            ],
            [
                -21,
                17
            ],
            [
                0,
                74
            ],
            [
                -22,
                46
            ],
            [
                -31,
                -17
            ],
            [
                -16,
                68
            ],
            [
                -27,
                -17
            ],
            [
                -21,
                34
            ],
            [
                -16,
                -22
            ],
            [
                -42,
                39
            ],
            [
                -37,
                -34
            ],
            [
                -32,
                51
            ],
            [
                -37,
                -17
            ],
            [
                -27,
                46
            ],
            [
                -37,
                -46
            ],
            [
                -48,
                0
            ],
            [
                -32,
                -62
            ],
            [
                -37,
                34
            ],
            [
                -10,
                -34
            ],
            [
                -96,
                28
            ],
            [
                -58,
                -177
            ],
            [
                -27,
                23
            ],
            [
                6,
                97
            ],
            [
                -32,
                80
            ],
            [
                -53,
                17
            ],
            [
                -22,
                -45
            ],
            [
                -31,
                5
            ],
            [
                -6,
                40
            ],
            [
                -32,
                11
            ],
            [
                -21,
                109
            ],
            [
                -79,
                -12
            ],
            [
                -21,
                29
            ],
            [
                -64,
                -63
            ],
            [
                -64,
                46
            ],
            [
                -16,
                -12
            ],
            [
                -21,
                23
            ],
            [
                0,
                86
            ],
            [
                -26,
                80
            ],
            [
                -43,
                11
            ],
            [
                -11,
                -29
            ],
            [
                -84,
                23
            ],
            [
                -11,
                160
            ],
            [
                -32,
                80
            ],
            [
                16,
                74
            ],
            [
                -21,
                80
            ],
            [
                -27,
                -35
            ],
            [
                -16,
                -96
            ],
            [
                -53,
                -69
            ],
            [
                -5,
                29
            ],
            [
                32,
                68
            ],
            [
                11,
                85
            ],
            [
                -27,
                18
            ],
            [
                -48,
                -40
            ],
            [
                -37,
                -63
            ],
            [
                32,
                -131
            ],
            [
                -16,
                -29
            ],
            [
                21,
                -28
            ],
            [
                37,
                0
            ],
            [
                -10,
                -63
            ],
            [
                32,
                12
            ],
            [
                0,
                -97
            ],
            [
                -32,
                57
            ],
            [
                -59,
                -46
            ],
            [
                -15,
                29
            ],
            [
                -16,
                -18
            ],
            [
                16,
                -79
            ],
            [
                -27,
                11
            ],
            [
                -48,
                -51
            ],
            [
                -16,
                68
            ],
            [
                -42,
                -11
            ],
            [
                0,
                91
            ],
            [
                -11,
                28
            ],
            [
                11,
                23
            ],
            [
                -16,
                29
            ],
            [
                5,
                68
            ],
            [
                -42,
                103
            ],
            [
                -11,
                148
            ],
            [
                -53,
                63
            ]
        ],
        [
            [
                3766,
                4310
            ],
            [
                0,
                57
            ],
            [
                -26,
                154
            ],
            [
                -80,
                5
            ],
            [
                -180,
                154
            ],
            [
                -27,
                137
            ],
            [
                -37,
                11
            ],
            [
                -21,
                80
            ],
            [
                -21,
                12
            ],
            [
                -16,
                -35
            ],
            [
                -32,
                80
            ],
            [
                -32,
                40
            ],
            [
                -32,
                -17
            ],
            [
                -10,
                177
            ],
            [
                16,
                45
            ],
            [
                0,
                86
            ],
            [
                -53,
                137
            ],
            [
                58,
                159
            ],
            [
                21,
                194
            ],
            [
                27,
                74
            ],
            [
                21,
                6
            ],
            [
                37,
                91
            ],
            [
                53,
                -6
            ],
            [
                117,
                109
            ],
            [
                74,
                11
            ],
            [
                32,
                74
            ],
            [
                53,
                40
            ],
            [
                16,
                52
            ],
            [
                -21,
                39
            ],
            [
                5,
                92
            ],
            [
                21,
                40
            ],
            [
                -5,
                34
            ],
            [
                32,
                97
            ],
            [
                -69,
                5
            ],
            [
                0,
                92
            ],
            [
                100,
                79
            ],
            [
                11,
                80
            ],
            [
                32,
                23
            ],
            [
                -32,
                74
            ],
            [
                -5,
                143
            ],
            [
                -21,
                0
            ],
            [
                -16,
                45
            ],
            [
                47,
                183
            ],
            [
                -5,
                57
            ],
            [
                -21,
                57
            ],
            [
                5,
                40
            ],
            [
                -16,
                34
            ],
            [
                0,
                102
            ],
            [
                -32,
                97
            ],
            [
                16,
                188
            ],
            [
                -47,
                75
            ],
            [
                -59,
                51
            ],
            [
                0,
                40
            ],
            [
                53,
                91
            ],
            [
                -5,
                97
            ],
            [
                42,
                131
            ],
            [
                -5,
                80
            ],
            [
                53,
                216
            ],
            [
                -21,
                160
            ],
            [
                26,
                63
            ],
            [
                22,
                0
            ],
            [
                -16,
                91
            ],
            [
                5,
                57
            ],
            [
                16,
                17
            ],
            [
                -5,
                68
            ],
            [
                10,
                29
            ],
            [
                -10,
                51
            ],
            [
                -91,
                126
            ],
            [
                -15,
                68
            ]
        ],
        [
            [
                3766,
                4310
            ],
            [
                -5,
                -6
            ],
            [
                -27,
                -34
            ],
            [
                -21,
                102
            ],
            [
                -85,
                17
            ],
            [
                -63,
                -68
            ],
            [
                -11,
                -85
            ],
            [
                32,
                -114
            ],
            [
                -16,
                -92
            ],
            [
                21,
                -68
            ],
            [
                -42,
                17
            ],
            [
                -22,
                -46
            ],
            [
                75,
                -91
            ],
            [
                21,
                -51
            ],
            [
                -11,
                -120
            ],
            [
                32,
                -57
            ],
            [
                -42,
                23
            ],
            [
                -21,
                -86
            ],
            [
                -22,
                -5
            ],
            [
                43,
                -126
            ],
            [
                -6,
                -34
            ],
            [
                -31,
                34
            ],
            [
                5,
                -131
            ],
            [
                -58,
                -51
            ],
            [
                10,
                -68
            ],
            [
                -63,
                -23
            ],
            [
                -27,
                -63
            ],
            [
                -32,
                34
            ],
            [
                -21,
                -62
            ],
            [
                0,
                -75
            ],
            [
                -32,
                -39
            ],
            [
                -42,
                28
            ],
            [
                -37,
                -23
            ],
            [
                -138,
                245
            ],
            [
                -6,
                52
            ],
            [
                -58,
                17
            ],
            [
                0,
                171
            ],
            [
                -27,
                102
            ],
            [
                -31,
                29
            ],
            [
                -27,
                125
            ],
            [
                -48,
                -5
            ],
            [
                -10,
                57
            ],
            [
                21,
                97
            ],
            [
                -11,
                51
            ],
            [
                11,
                34
            ],
            [
                16,
                -6
            ],
            [
                11,
                120
            ],
            [
                106,
                194
            ],
            [
                -38,
                51
            ],
            [
                -5,
                69
            ],
            [
                -32,
                39
            ],
            [
                -10,
                200
            ],
            [
                -48,
                57
            ],
            [
                -64,
                -11
            ],
            [
                -69,
                51
            ],
            [
                -5,
                46
            ],
            [
                64,
                39
            ],
            [
                26,
                46
            ],
            [
                64,
                -6
            ],
            [
                37,
                132
            ],
            [
                32,
                34
            ],
            [
                -96,
                51
            ],
            [
                -16,
                80
            ],
            [
                -21,
                34
            ],
            [
                -21,
                -34
            ],
            [
                16,
                -143
            ],
            [
                -27,
                17
            ],
            [
                -10,
                -39
            ],
            [
                -5,
                39
            ],
            [
                -38,
                23
            ],
            [
                -26,
                -11
            ],
            [
                -11,
                -46
            ],
            [
                -53,
                23
            ],
            [
                -26,
                -51
            ],
            [
                -112,
                -29
            ],
            [
                -32,
                40
            ],
            [
                -100,
                -17
            ],
            [
                -37,
                23
            ],
            [
                -48,
                125
            ],
            [
                -16,
                -23
            ],
            [
                0,
                -57
            ],
            [
                -21,
                -5
            ],
            [
                -22,
                45
            ],
            [
                -63,
                -62
            ],
            [
                -48,
                22
            ],
            [
                -21,
                -17
            ],
            [
                37,
                -62
            ],
            [
                -69,
                22
            ],
            [
                -11,
                -22
            ],
            [
                11,
                -46
            ],
            [
                58,
                -51
            ],
            [
                -5,
                -69
            ],
            [
                21,
                -159
            ],
            [
                -10,
                -74
            ],
            [
                -69,
                -35
            ],
            [
                -16,
                -102
            ],
            [
                5,
                -46
            ],
            [
                43,
                -91
            ],
            [
                26,
                6
            ],
            [
                43,
                -120
            ],
            [
                53,
                -11
            ],
            [
                15,
                -97
            ],
            [
                -47,
                -206
            ],
            [
                -32,
                29
            ],
            [
                -27,
                -6
            ],
            [
                -16,
                51
            ],
            [
                16,
                57
            ],
            [
                -63,
                52
            ],
            [
                -27,
                108
            ],
            [
                -26,
                -11
            ],
            [
                -37,
                -52
            ],
            [
                5,
                -125
            ],
            [
                -21,
                -91
            ],
            [
                31,
                -148
            ],
            [
                -37,
                -29
            ],
            [
                -58,
                68
            ],
            [
                -21,
                -74
            ],
            [
                -11,
                52
            ],
            [
                -42,
                34
            ],
            [
                -22,
                -34
            ],
            [
                -5,
                -97
            ],
            [
                -58,
                -109
            ]
        ],
        [
            [
                1809,
                3477
            ],
            [
                -21,
                35
            ],
            [
                5,
                114
            ],
            [
                -16,
                11
            ],
            [
                -42,
                -40
            ],
            [
                -16,
                40
            ],
            [
                -96,
                34
            ],
            [
                -58,
                57
            ],
            [
                -11,
                -34
            ],
            [
                -26,
                11
            ],
            [
                -6,
                -57
            ],
            [
                -69,
                52
            ],
            [
                -5,
                -211
            ],
            [
                -37,
                -69
            ],
            [
                -21,
                6
            ],
            [
                5,
                -74
            ],
            [
                -21,
                -51
            ],
            [
                5,
                -12
            ],
            [
                -48,
                -11
            ],
            [
                -31,
                40
            ],
            [
                10,
                40
            ],
            [
                -37,
                165
            ],
            [
                -95,
                68
            ],
            [
                -112,
                166
            ],
            [
                -26,
                -29
            ],
            [
                -64,
                80
            ],
            [
                -32,
                0
            ],
            [
                -21,
                46
            ],
            [
                -48,
                22
            ],
            [
                -37,
                -34
            ],
            [
                -42,
                40
            ],
            [
                -16,
                74
            ],
            [
                -21,
                23
            ],
            [
                -6,
                91
            ],
            [
                -32,
                35
            ],
            [
                11,
                28
            ],
            [
                -42,
                23
            ],
            [
                -38,
                91
            ],
            [
                -37,
                40
            ],
            [
                -26,
                -46
            ],
            [
                -21,
                6
            ],
            [
                -38,
                91
            ],
            [
                -37,
                6
            ],
            [
                0,
                34
            ],
            [
                -53,
                -57
            ],
            [
                6,
                -57
            ],
            [
                -32,
                -11
            ],
            [
                -32,
                62
            ],
            [
                -42,
                -17
            ],
            [
                -43,
                52
            ],
            [
                -21,
                62
            ],
            [
                5,
                74
            ],
            [
                -53,
                137
            ],
            [
                -42,
                6
            ],
            [
                -11,
                51
            ],
            [
                16,
                91
            ],
            [
                -32,
                63
            ],
            [
                59,
                114
            ],
            [
                -22,
                63
            ],
            [
                -21,
                -6
            ],
            [
                -53,
                166
            ],
            [
                42,
                51
            ],
            [
                16,
                68
            ],
            [
                -79,
                74
            ],
            [
                -48,
                126
            ],
            [
                -26,
                -6
            ],
            [
                -11,
                74
            ],
            [
                26,
                52
            ],
            [
                11,
                56
            ],
            [
                -26,
                80
            ],
            [
                10,
                46
            ],
            [
                -37,
                102
            ],
            [
                11,
                35
            ],
            [
                79,
                74
            ],
            [
                21,
                -6
            ],
            [
                53,
                80
            ],
            [
                22,
                -108
            ],
            [
                -11,
                -35
            ],
            [
                11,
                -96
            ],
            [
                90,
                -149
            ],
            [
                21,
                46
            ],
            [
                43,
                -6
            ],
            [
                15,
                109
            ],
            [
                69,
                74
            ],
            [
                11,
                176
            ],
            [
                -11,
                63
            ],
            [
                -26,
                23
            ],
            [
                10,
                159
            ],
            [
                -42,
                80
            ],
            [
                0,
                154
            ],
            [
                -42,
                51
            ],
            [
                -22,
                92
            ],
            [
                -90,
                108
            ],
            [
                -48,
                142
            ],
            [
                11,
                58
            ],
            [
                -37,
                57
            ],
            [
                42,
                68
            ],
            [
                -5,
                177
            ],
            [
                -16,
                17
            ],
            [
                11,
                80
            ],
            [
                -43,
                39
            ],
            [
                0,
                40
            ],
            [
                96,
                92
            ],
            [
                26,
                -12
            ],
            [
                32,
                166
            ],
            [
                27,
                11
            ],
            [
                16,
                97
            ],
            [
                42,
                40
            ],
            [
                42,
                -34
            ],
            [
                16,
                22
            ],
            [
                250,
                40
            ],
            [
                21,
                40
            ],
            [
                26,
                108
            ],
            [
                -10,
                52
            ],
            [
                26,
                45
            ],
            [
                0,
                52
            ],
            [
                -21,
                40
            ],
            [
                5,
                39
            ],
            [
                48,
                18
            ],
            [
                11,
                79
            ],
            [
                21,
                29
            ],
            [
                -11,
                63
            ],
            [
                80,
                108
            ],
            [
                -11,
                11
            ],
            [
                16,
                46
            ],
            [
                64,
                -11
            ],
            [
                5,
                45
            ],
            [
                -42,
                80
            ],
            [
                10,
                57
            ],
            [
                11,
                40
            ],
            [
                53,
                28
            ],
            [
                111,
                -17
            ],
            [
                27,
                -62
            ],
            [
                74,
                5
            ],
            [
                74,
                -34
            ],
            [
                16,
                17
            ],
            [
                0,
                69
            ],
            [
                27,
                11
            ],
            [
                53,
                -80
            ],
            [
                111,
                29
            ],
            [
                48,
                -109
            ],
            [
                69,
                -17
            ],
            [
                111,
                40
            ],
            [
                16,
                57
            ],
            [
                32,
                0
            ],
            [
                16,
                34
            ],
            [
                0,
                86
            ],
            [
                69,
                51
            ],
            [
                37,
                63
            ],
            [
                21,
                -11
            ],
            [
                22,
                79
            ],
            [
                -11,
                40
            ],
            [
                32,
                0
            ],
            [
                5,
                40
            ],
            [
                27,
                23
            ],
            [
                69,
                -23
            ],
            [
                63,
                -57
            ],
            [
                27,
                51
            ],
            [
                79,
                -11
            ],
            [
                22,
                -200
            ],
            [
                26,
                -17
            ],
            [
                32,
                -74
            ],
            [
                64,
                17
            ],
            [
                53,
                -34
            ],
            [
                63,
                17
            ],
            [
                32,
                -51
            ],
            [
                37,
                -6
            ],
            [
                112,
                23
            ],
            [
                21,
                46
            ],
            [
                42,
                11
            ],
            [
                32,
                -11
            ],
            [
                16,
                -46
            ],
            [
                21,
                17
            ],
            [
                16,
                -23
            ],
            [
                133,
                126
            ],
            [
                10,
                34
            ],
            [
                -10,
                23
            ],
            [
                5,
                17
            ],
            [
                180,
                91
            ],
            [
                91,
                108
            ],
            [
                63,
                0
            ],
            [
                53,
                40
            ],
            [
                106,
                -74
            ],
            [
                43,
                -74
            ],
            [
                53,
                108
            ],
            [
                138,
                46
            ],
            [
                48,
                74
            ]
        ],
        [
            [
                5554,
                3244
            ],
            [
                -27,
                -12
            ],
            [
                -5,
                -57
            ],
            [
                5,
                -114
            ],
            [
                21,
                -62
            ],
            [
                -15,
                -46
            ],
            [
                -27,
                -17
            ],
            [
                5,
                -34
            ],
            [
                -26,
                -69
            ],
            [
                26,
                -68
            ],
            [
                -21,
                -23
            ],
            [
                11,
                -74
            ],
            [
                69,
                -86
            ],
            [
                101,
                12
            ],
            [
                100,
                -46
            ]
        ],
        [
            [
                5771,
                2548
            ],
            [
                -26,
                -102
            ],
            [
                -27,
                -52
            ],
            [
                6,
                -108
            ],
            [
                -27,
                -80
            ],
            [
                -11,
                -51
            ],
            [
                22,
                -137
            ],
            [
                -22,
                -28
            ],
            [
                0,
                -57
            ],
            [
                -53,
                -80
            ],
            [
                27,
                -69
            ],
            [
                5,
                -74
            ],
            [
                -21,
                -34
            ],
            [
                0,
                -80
            ],
            [
                21,
                -17
            ],
            [
                0,
                -40
            ],
            [
                48,
                6
            ],
            [
                -21,
                -188
            ]
        ],
        [
            [
                5692,
                1357
            ],
            [
                -21,
                34
            ],
            [
                -16,
                -40
            ],
            [
                -32,
                -17
            ],
            [
                -27,
                51
            ],
            [
                -37,
                -5
            ],
            [
                -58,
                62
            ],
            [
                -6,
                -51
            ],
            [
                -90,
                -40
            ],
            [
                -63,
                -125
            ],
            [
                -32,
                -149
            ],
            [
                -74,
                -91
            ],
            [
                -11,
                -80
            ],
            [
                -42,
                -108
            ],
            [
                15,
                -51
            ],
            [
                -26,
                -46
            ],
            [
                -5,
                -63
            ],
            [
                31,
                -51
            ],
            [
                6,
                -57
            ],
            [
                -53,
                -131
            ],
            [
                -37,
                -23
            ],
            [
                -38,
                57
            ],
            [
                6,
                57
            ],
            [
                -43,
                63
            ],
            [
                -26,
                85
            ],
            [
                -6,
                92
            ],
            [
                38,
                108
            ],
            [
                16,
                234
            ],
            [
                -16,
                40
            ],
            [
                -11,
                96
            ],
            [
                -85,
                97
            ],
            [
                -42,
                -28
            ],
            [
                -11,
                -51
            ],
            [
                -26,
                5
            ],
            [
                -32,
                -62
            ],
            [
                -37,
                5
            ],
            [
                -38,
                -45
            ],
            [
                -63,
                11
            ],
            [
                5,
                -68
            ],
            [
                -16,
                -17
            ],
            [
                -37,
                40
            ],
            [
                -79,
                0
            ],
            [
                -16,
                45
            ],
            [
                -53,
                -154
            ],
            [
                -32,
                34
            ],
            [
                -27,
                -17
            ],
            [
                -16,
                46
            ],
            [
                -58,
                -46
            ],
            [
                -21,
                12
            ],
            [
                10,
                28
            ],
            [
                -32,
                -34
            ],
            [
                -42,
                23
            ],
            [
                -21,
                -34
            ],
            [
                -59,
                28
            ],
            [
                -31,
                108
            ],
            [
                -48,
                12
            ],
            [
                -37,
                68
            ],
            [
                -53,
                12
            ],
            [
                -21,
                74
            ],
            [
                -43,
                -34
            ],
            [
                -26,
                39
            ],
            [
                -27,
                -159
            ],
            [
                -48,
                -51
            ],
            [
                -58,
                68
            ],
            [
                -32,
                6
            ],
            [
                -21,
                199
            ],
            [
                -48,
                -97
            ],
            [
                21,
                -148
            ],
            [
                -37,
                -34
            ],
            [
                -26,
                11
            ],
            [
                -16,
                23
            ],
            [
                5,
                51
            ],
            [
                -37,
                69
            ],
            [
                0,
                57
            ],
            [
                -32,
                80
            ],
            [
                -37,
                51
            ],
            [
                -21,
                154
            ],
            [
                -53,
                -131
            ],
            [
                -11,
                51
            ],
            [
                -37,
                28
            ],
            [
                -42,
                -5
            ],
            [
                -16,
                -52
            ],
            [
                -133,
                69
            ],
            [
                -5,
                114
            ],
            [
                42,
                85
            ],
            [
                6,
                92
            ],
            [
                -38,
                62
            ],
            [
                -31,
                -11
            ],
            [
                -38,
                -86
            ],
            [
                -58,
                -17
            ],
            [
                -64,
                52
            ],
            [
                -42,
                108
            ],
            [
                -85,
                23
            ],
            [
                -32,
                114
            ],
            [
                -79,
                40
            ],
            [
                10,
                136
            ],
            [
                -32,
                35
            ],
            [
                6,
                62
            ],
            [
                -16,
                63
            ],
            [
                16,
                63
            ],
            [
                -37,
                0
            ],
            [
                -11,
                51
            ],
            [
                -90,
                34
            ],
            [
                -48,
                -23
            ],
            [
                -10,
                -57
            ],
            [
                -38,
                -5
            ],
            [
                -37,
                -86
            ],
            [
                -26,
                17
            ],
            [
                -64,
                131
            ],
            [
                -16,
                120
            ],
            [
                -21,
                17
            ],
            [
                -16,
                63
            ],
            [
                -32,
                6
            ],
            [
                -10,
                40
            ],
            [
                16,
                28
            ],
            [
                -69,
                57
            ],
            [
                -32,
                -11
            ],
            [
                -21,
                45
            ],
            [
                -38,
                12
            ],
            [
                -10,
                40
            ],
            [
                -37,
                -23
            ],
            [
                -48,
                51
            ],
            [
                -5,
                34
            ],
            [
                -27,
                -5
            ],
            [
                16,
                74
            ],
            [
                -11,
                23
            ],
            [
                -37,
                -18
            ],
            [
                6,
                35
            ],
            [
                -38,
                85
            ],
            [
                -26,
                -6
            ],
            [
                -122,
                132
            ],
            [
                -37,
                -6
            ],
            [
                10,
                80
            ],
            [
                -26,
                62
            ]
        ],
        [
            [
                7607,
                3774
            ],
            [
                85,
                120
            ],
            [
                15,
                -12
            ],
            [
                11,
                -57
            ],
            [
                32,
                6
            ],
            [
                5,
                34
            ],
            [
                21,
                -34
            ],
            [
                38,
                6
            ],
            [
                15,
                57
            ],
            [
                38,
                22
            ],
            [
                137,
                -40
            ],
            [
                16,
                -28
            ],
            [
                38,
                17
            ],
            [
                5,
                86
            ],
            [
                16,
                11
            ],
            [
                37,
                -57
            ],
            [
                26,
                46
            ],
            [
                22,
                -18
            ],
            [
                10,
                -17
            ],
            [
                -5,
                -40
            ],
            [
                26,
                -28
            ],
            [
                32,
                63
            ],
            [
                133,
                -74
            ],
            [
                -5,
                -75
            ],
            [
                26,
                -22
            ],
            [
                32,
                -97
            ],
            [
                32,
                -17
            ],
            [
                -11,
                -52
            ],
            [
                37,
                -51
            ],
            [
                69,
                0
            ],
            [
                16,
                -51
            ],
            [
                43,
                17
            ],
            [
                10,
                80
            ],
            [
                53,
                34
            ],
            [
                75,
                -52
            ],
            [
                42,
                29
            ],
            [
                32,
                -68
            ],
            [
                -11,
                -80
            ],
            [
                21,
                -46
            ],
            [
                -16,
                -108
            ],
            [
                -31,
                -34
            ],
            [
                5,
                -63
            ],
            [
                -48,
                -137
            ],
            [
                69,
                -137
            ],
            [
                11,
                -91
            ],
            [
                -16,
                -63
            ],
            [
                32,
                -119
            ],
            [
                -59,
                -6
            ],
            [
                -5,
                -34
            ],
            [
                53,
                -74
            ],
            [
                27,
                -114
            ],
            [
                58,
                5
            ],
            [
                37,
                -57
            ],
            [
                5,
                75
            ],
            [
                32,
                34
            ],
            [
                0,
                97
            ],
            [
                -16,
                17
            ],
            [
                22,
                62
            ],
            [
                -6,
                92
            ],
            [
                32,
                0
            ],
            [
                5,
                62
            ],
            [
                43,
                -91
            ],
            [
                69,
                -6
            ],
            [
                32,
                -74
            ],
            [
                -6,
                -62
            ],
            [
                21,
                -29
            ],
            [
                6,
                -217
            ],
            [
                74,
                23
            ],
            [
                -5,
                74
            ],
            [
                32,
                29
            ],
            [
                -22,
                63
            ],
            [
                16,
                22
            ],
            [
                69,
                -51
            ],
            [
                48,
                -137
            ],
            [
                69,
                29
            ],
            [
                26,
                -57
            ],
            [
                0,
                -34
            ],
            [
                32,
                -35
            ],
            [
                -5,
                -57
            ],
            [
                21,
                -85
            ],
            [
                32,
                0
            ],
            [
                16,
                51
            ],
            [
                26,
                -51
            ],
            [
                16,
                -86
            ],
            [
                27,
                -22
            ],
            [
                26,
                22
            ],
            [
                22,
                -154
            ],
            [
                31,
                -91
            ],
            [
                0,
                -57
            ],
            [
                69,
                -68
            ]
        ],
        [
            [
                9797,
                1642
            ],
            [
                32,
                -103
            ],
            [
                -16,
                -23
            ],
            [
                -10,
                -97
            ],
            [
                -43,
                -51
            ],
            [
                -37,
                12
            ],
            [
                -58,
                -75
            ],
            [
                -21,
                80
            ],
            [
                0,
                74
            ],
            [
                -43,
                143
            ],
            [
                -37,
                -57
            ],
            [
                27,
                -103
            ],
            [
                -43,
                -28
            ],
            [
                -16,
                -69
            ],
            [
                -26,
                52
            ],
            [
                -32,
                5
            ],
            [
                -5,
                74
            ],
            [
                -48,
                97
            ],
            [
                -59,
                -28
            ],
            [
                -26,
                57
            ],
            [
                -11,
                108
            ],
            [
                -26,
                34
            ],
            [
                -27,
                -17
            ],
            [
                -10,
                29
            ],
            [
                -37,
                -69
            ],
            [
                10,
                -34
            ],
            [
                -21,
                -63
            ],
            [
                11,
                -74
            ],
            [
                -16,
                -5
            ],
            [
                0,
                -40
            ],
            [
                -27,
                23
            ],
            [
                -5,
                -46
            ],
            [
                -27,
                -11
            ],
            [
                6,
                -75
            ],
            [
                -27,
                -91
            ],
            [
                48,
                -57
            ],
            [
                -11,
                -137
            ],
            [
                -53,
                12
            ],
            [
                -95,
                -165
            ],
            [
                -16,
                79
            ],
            [
                -16,
                -11
            ],
            [
                -37,
                68
            ],
            [
                -37,
                0
            ],
            [
                -91,
                92
            ],
            [
                -26,
                79
            ],
            [
                -53,
                29
            ],
            [
                -32,
                97
            ],
            [
                -27,
                -40
            ],
            [
                -42,
                23
            ],
            [
                -11,
                91
            ],
            [
                -138,
                -34
            ],
            [
                -53,
                102
            ],
            [
                -31,
                -11
            ],
            [
                -197,
                -143
            ],
            [
                -63,
                -228
            ],
            [
                -154,
                -131
            ],
            [
                -43,
                -68
            ],
            [
                -159,
                -137
            ],
            [
                -85,
                -34
            ],
            [
                -31,
                17
            ],
            [
                -22,
                -29
            ]
        ],
        [
            [
                7654,
                735
            ],
            [
                -15,
                57
            ],
            [
                58,
                92
            ],
            [
                -11,
                51
            ],
            [
                21,
                74
            ],
            [
                -15,
                23
            ],
            [
                -6,
                97
            ],
            [
                -53,
                74
            ],
            [
                -21,
                74
            ],
            [
                -11,
                205
            ],
            [
                -58,
                86
            ],
            [
                -42,
                0
            ],
            [
                -16,
                57
            ],
            [
                0,
                142
            ],
            [
                -64,
                131
            ],
            [
                -58,
                -28
            ],
            [
                -16,
                28
            ],
            [
                -53,
                -17
            ],
            [
                -37,
                52
            ],
            [
                -32,
                -6
            ],
            [
                -16,
                51
            ],
            [
                -122,
                -40
            ],
            [
                -69,
                52
            ],
            [
                -53,
                -75
            ],
            [
                -27,
                52
            ],
            [
                -58,
                17
            ],
            [
                -43,
                45
            ],
            [
                -26,
                -91
            ],
            [
                -27,
                40
            ],
            [
                -5,
                57
            ],
            [
                27,
                51
            ],
            [
                47,
                -39
            ],
            [
                38,
                11
            ],
            [
                10,
                68
            ],
            [
                32,
                35
            ],
            [
                16,
                142
            ],
            [
                64,
                57
            ],
            [
                42,
                114
            ],
            [
                16,
                97
            ],
            [
                32,
                29
            ],
            [
                -16,
                85
            ],
            [
                5,
                97
            ],
            [
                -32,
                40
            ],
            [
                -16,
                97
            ],
            [
                -31,
                45
            ],
            [
                -16,
                12
            ],
            [
                -75,
                -74
            ],
            [
                -26,
                51
            ],
            [
                -43,
                -29
            ],
            [
                -47,
                -125
            ],
            [
                -11,
                51
            ],
            [
                21,
                131
            ],
            [
                -5,
                75
            ],
            [
                -53,
                28
            ]
        ],
        [
            [
                6758,
                3084
            ],
            [
                -32,
                0
            ],
            [
                -16,
                -34
            ],
            [
                -21,
                68
            ],
            [
                -37,
                29
            ],
            [
                0,
                57
            ],
            [
                37,
                0
            ],
            [
                32,
                51
            ],
            [
                16,
                -11
            ],
            [
                42,
                51
            ],
            [
                -5,
                46
            ],
            [
                26,
                28
            ],
            [
                16,
                -11
            ],
            [
                16,
                11
            ],
            [
                32,
                131
            ]
        ],
        [
            [
                7893,
                5934
            ],
            [
                16,
                -17
            ],
            [
                16,
                -68
            ],
            [
                53,
                -46
            ],
            [
                122,
                -28
            ],
            [
                11,
                -40
            ],
            [
                -64,
                -29
            ],
            [
                0,
                -51
            ],
            [
                64,
                51
            ],
            [
                26,
                -159
            ],
            [
                37,
                -23
            ],
            [
                6,
                46
            ],
            [
                26,
                -29
            ],
            [
                11,
                -97
            ],
            [
                -16,
                -28
            ],
            [
                16,
                -29
            ],
            [
                -37,
                -28
            ],
            [
                0,
                -57
            ],
            [
                21,
                -23
            ],
            [
                37,
                -143
            ],
            [
                26,
                -28
            ],
            [
                53,
                45
            ],
            [
                59,
                -22
            ],
            [
                37,
                -114
            ],
            [
                11,
                108
            ],
            [
                26,
                51
            ],
            [
                27,
                0
            ],
            [
                15,
                -108
            ],
            [
                59,
                -29
            ],
            [
                5,
                -91
            ],
            [
                21,
                -17
            ],
            [
                11,
                0
            ],
            [
                11,
                114
            ],
            [
                -32,
                103
            ],
            [
                10,
                57
            ],
            [
                0,
                51
            ],
            [
                22,
                40
            ],
            [
                74,
                -12
            ],
            [
                5,
                -85
            ],
            [
                96,
                -154
            ],
            [
                58,
                11
            ],
            [
                21,
                -45
            ],
            [
                32,
                -6
            ],
            [
                16,
                69
            ],
            [
                -37,
                114
            ],
            [
                21,
                57
            ],
            [
                -32,
                108
            ],
            [
                43,
                0
            ],
            [
                10,
                -40
            ],
            [
                21,
                40
            ],
            [
                32,
                -17
            ],
            [
                -10,
                45
            ],
            [
                16,
                29
            ],
            [
                95,
                -40
            ],
            [
                11,
                34
            ],
            [
                21,
                -17
            ],
            [
                -5,
                63
            ],
            [
                42,
                -29
            ],
            [
                5,
                57
            ],
            [
                -26,
                52
            ],
            [
                16,
                119
            ],
            [
                32,
                -17
            ],
            [
                15,
                23
            ],
            [
                0,
                103
            ],
            [
                -31,
                40
            ],
            [
                16,
                62
            ],
            [
                -22,
                34
            ],
            [
                11,
                40
            ],
            [
                21,
                -5
            ],
            [
                16,
                28
            ],
            [
                43,
                -63
            ],
            [
                127,
                0
            ],
            [
                85,
                -51
            ],
            [
                122,
                -131
            ],
            [
                16,
                -131
            ],
            [
                100,
                -228
            ],
            [
                -10,
                -177
            ],
            [
                85,
                -233
            ],
            [
                138,
                -246
            ],
            [
                -43,
                -119
            ],
            [
                -21,
                0
            ],
            [
                -21,
                68
            ],
            [
                -32,
                11
            ],
            [
                -16,
                -153
            ],
            [
                37,
                -35
            ],
            [
                58,
                -165
            ],
            [
                -10,
                -108
            ],
            [
                85,
                -149
            ],
            [
                -22,
                -68
            ],
            [
                32,
                -296
            ],
            [
                6,
                -223
            ],
            [
                26,
                -114
            ],
            [
                5,
                -154
            ],
            [
                -31,
                -279
            ],
            [
                26,
                -97
            ],
            [
                11,
                -274
            ],
            [
                21,
                -51
            ],
            [
                -11,
                -34
            ],
            [
                -58,
                -40
            ],
            [
                27,
                -131
            ],
            [
                -43,
                -74
            ],
            [
                -5,
                -103
            ],
            [
                26,
                -23
            ],
            [
                -32,
                -62
            ],
            [
                -26,
                0
            ],
            [
                -11,
                28
            ],
            [
                -5,
                97
            ],
            [
                -26,
                86
            ],
            [
                -69,
                -40
            ],
            [
                26,
                -228
            ],
            [
                -37,
                -86
            ],
            [
                16,
                -114
            ],
            [
                -5,
                -57
            ],
            [
                31,
                -68
            ]
        ],
        [
            [
                5771,
                2548
            ],
            [
                43,
                -68
            ],
            [
                37,
                5
            ],
            [
                95,
                97
            ],
            [
                128,
                40
            ],
            [
                111,
                154
            ],
            [
                37,
                6
            ],
            [
                59,
                -40
            ],
            [
                74,
                86
            ],
            [
                37,
                0
            ],
            [
                -5,
                -40
            ],
            [
                37,
                -12
            ],
            [
                69,
                57
            ],
            [
                127,
                -57
            ],
            [
                37,
                34
            ],
            [
                27,
                -11
            ],
            [
                69,
                97
            ],
            [
                -11,
                137
            ],
            [
                16,
                51
            ]
        ],
        [
            [
                7654,
                735
            ],
            [
                -180,
                -376
            ],
            [
                -21,
                -177
            ],
            [
                -101,
                -79
            ],
            [
                -270,
                -69
            ],
            [
                -85,
                40
            ],
            [
                -48,
                -28
            ],
            [
                -69,
                62
            ],
            [
                -260,
                -108
            ],
            [
                5,
                125
            ],
            [
                -47,
                137
            ],
            [
                26,
                126
            ],
            [
                -11,
                45
            ],
            [
                38,
                12
            ],
            [
                -38,
                125
            ],
            [
                -21,
                74
            ],
            [
                -37,
                -17
            ],
            [
                -48,
                34
            ],
            [
                -42,
                -45
            ],
            [
                -74,
                108
            ],
            [
                -16,
                85
            ],
            [
                32,
                69
            ],
            [
                10,
                63
            ],
            [
                -10,
                51
            ],
            [
                -37,
                11
            ],
            [
                0,
                17
            ],
            [
                37,
                40
            ],
            [
                -64,
                63
            ],
            [
                -16,
                68
            ],
            [
                -64,
                63
            ],
            [
                -31,
                -85
            ],
            [
                -48,
                -6
            ],
            [
                -5,
                -80
            ],
            [
                -38,
                -51
            ],
            [
                -53,
                51
            ],
            [
                0,
                51
            ],
            [
                -53,
                23
            ],
            [
                -26,
                74
            ],
            [
                -53,
                40
            ],
            [
                -48,
                -57
            ],
            [
                -42,
                46
            ],
            [
                -22,
                -23
            ],
            [
                -42,
                29
            ],
            [
                -37,
                79
            ],
            [
                -53,
                12
            ]
        ]
    ],
    "bbox": [
        78.3984,
        26.8506,
        99.1077,
        36.4856
    ],
    "transform": {
        "scale": [
            0.002071137113711371,
            0.0009635963596359633
        ],
        "translate": [
            78.3984,
            26.8506
        ]
    }
}