[{"UserName": "@@f8ef98d2013b786f22ae27dae8144063311064eee5a46302a46afedc4bd41230", "City": "", "DisplayName": "", "UniFriend": 0, "MemberList": [], "PYQuanPin": "liusaner", "RemarkPYInitial": "", "Sex": 0, "AppAccountFlag": 0, "VerifyFlag": 0, "Province": "", "KeyWord": "", "RemarkName": "", "PYInitial": "LSE", "IsOwner": 1, "ChatRoomId": 0, "HideInputBarFlag": 0, "EncryChatRoomId": "", "AttrStatus": 0, "SnsFlag": 0, "MemberCount": 0, "OwnerUin": 0, "Alias": "", "Signature": "", "ContactFlag": 3, "NickName": "\u516d\u4e09\u4e8c", "RemarkPYQuanPin": "", "HeadImgUrl": "/cgi-bin/mmwebwx-bin/webwxgetheadimg?seq=622412013&username=@@f8ef98d2013b786f22ae27dae8144063311064eee5a46302a46afedc4bd41230&skey=@crypt_b37f233_19e68de9a445b3dc6d7f40f37cacc0f4", "Uin": 0, "StarFriend": 0, "Statues": 1}, {"UserName": "@@e1e45f7407343cad3881e9a96e28fa78acbda34947b6b5fdf91d4ecd0d3a2b6c", "City": "", "DisplayName": "", "UniFriend": 0, "MemberList": [], "PYQuanPin": "diduxiaofendui", "RemarkPYInitial": "", "Sex": 0, "AppAccountFlag": 0, "VerifyFlag": 0, "Province": "", "KeyWord": "", "RemarkName": "", "PYInitial": "DDXFD", "IsOwner": 0, "ChatRoomId": 0, "HideInputBarFlag": 0, "EncryChatRoomId": "", "AttrStatus": 0, "SnsFlag": 0, "MemberCount": 0, "OwnerUin": 0, "Alias": "", "Signature": "", "ContactFlag": 3, "NickName": "\u5e1d\u90fd\u5c0f\u5206\u961f", "RemarkPYQuanPin": "", "HeadImgUrl": "/cgi-bin/mmwebwx-bin/webwxgetheadimg?seq=622413460&username=@@e1e45f7407343cad3881e9a96e28fa78acbda34947b6b5fdf91d4ecd0d3a2b6c&skey=@crypt_b37f233_19e68de9a445b3dc6d7f40f37cacc0f4", "Uin": 0, "StarFriend": 0, "Statues": 1}, {"UserName": "@@e1e45f7407343cad3881e9a96e28fa78acbda34947b6b5fdf91d4ecd0d3a2b6c", "City": "", "DisplayName": "", "UniFriend": 0, "MemberList": [], "PYQuanPin": "diduxiaofendui", "RemarkPYInitial": "", "Sex": 0, "AppAccountFlag": 0, "VerifyFlag": 0, "Province": "", "KeyWord": "", "RemarkName": "", "PYInitial": "DDXFD", "IsOwner": 0, "ChatRoomId": 0, "HideInputBarFlag": 0, "EncryChatRoomId": "", "AttrStatus": 0, "SnsFlag": 0, "MemberCount": 0, "OwnerUin": 0, "Alias": "", "Signature": "", "ContactFlag": 3, "NickName": "\u5e1d\u90fd\u5c0f\u5206\u961f", "RemarkPYQuanPin": "", "HeadImgUrl": "/cgi-bin/mmwebwx-bin/webwxgetheadimg?seq=622413460&username=@@e1e45f7407343cad3881e9a96e28fa78acbda34947b6b5fdf91d4ecd0d3a2b6c&skey=@crypt_b37f233_19e68de9a445b3dc6d7f40f37cacc0f4", "Uin": 0, "StarFriend": 0, "Statues": 1}, {"UserName": "@@6ba52c531b1bec1966bacfebe4b20c74830912bdbac9503cb291176cad052565", "City": "", "DisplayName": "", "UniFriend": 0, "MemberList": [], "PYQuanPin": "eecsxueshubu2014", "RemarkPYInitial": "", "Sex": 0, "AppAccountFlag": 0, "VerifyFlag": 0, "Province": "", "KeyWord": "", "RemarkName": "", "PYInitial": "EECSXSB2014", "IsOwner": 0, "ChatRoomId": 0, "HideInputBarFlag": 0, "EncryChatRoomId": "", "AttrStatus": 0, "SnsFlag": 0, "MemberCount": 0, "OwnerUin": 0, "Alias": "", "Signature": "", "ContactFlag": 3, "NickName": "eecs\u5b66\u672f\u90e82014\uff5e", "RemarkPYQuanPin": "", "HeadImgUrl": "/cgi-bin/mmwebwx-bin/webwxgetheadimg?seq=644714376&username=@@6ba52c531b1bec1966bacfebe4b20c74830912bdbac9503cb291176cad052565&skey=@crypt_b37f233_19e68de9a445b3dc6d7f40f37cacc0f4", "Uin": 0, "StarFriend": 0, "Statues": 1}, {"UserName": "@@3a4cb441aeba727d8fa72b291d6ca037ddb287092d2b2cc86f71d6c140e55b94", "City": "", "DisplayName": "", "UniFriend": 0, "MemberList": [], "PYQuanPin": "longyanbeidazaijiaosheng", "RemarkPYInitial": "", "Sex": 0, "AppAccountFlag": 0, "VerifyFlag": 0, "Province": "", "KeyWord": "", "RemarkName": "", "PYInitial": "LYBDZJS", "IsOwner": 1, "ChatRoomId": 0, "HideInputBarFlag": 0, "EncryChatRoomId": "", "AttrStatus": 0, "SnsFlag": 0, "MemberCount": 0, "OwnerUin": 0, "Alias": "", "Signature": "", "ContactFlag": 3, "NickName": "\u9f99\u5ca9\u5317\u5927\u5728\u6821\u751f", "RemarkPYQuanPin": "", "HeadImgUrl": "/cgi-bin/mmwebwx-bin/webwxgetheadimg?seq=644791857&username=@@3a4cb441aeba727d8fa72b291d6ca037ddb287092d2b2cc86f71d6c140e55b94&skey=@crypt_b37f233_19e68de9a445b3dc6d7f40f37cacc0f4", "Uin": 0, "StarFriend": 0, "Statues": 1}, {"UserName": "@@29cbca0eae1f8e0495e05da80d96af4c3035e0bf03498257628a8c146e19be43", "City": "", "DisplayName": "", "UniFriend": 0, "MemberList": [], "PYQuanPin": "beidalongyandeou", "RemarkPYInitial": "", "Sex": 0, "AppAccountFlag": 0, "VerifyFlag": 0, "Province": "", "KeyWord": "", "RemarkName": "", "PYInitial": "BDLYDO", "IsOwner": 0, "ChatRoomId": 0, "HideInputBarFlag": 0, "EncryChatRoomId": "", "AttrStatus": 0, "SnsFlag": 0, "MemberCount": 0, "OwnerUin": 0, "Alias": "", "Signature": "", "ContactFlag": 3, "NickName": "\u5317\u5927\u9f99\u5ca9\u5730\u533a", "RemarkPYQuanPin": "", "HeadImgUrl": "/cgi-bin/mmwebwx-bin/webwxgetheadimg?seq=644722341&username=@@29cbca0eae1f8e0495e05da80d96af4c3035e0bf03498257628a8c146e19be43&skey=@crypt_b37f233_19e68de9a445b3dc6d7f40f37cacc0f4", "Uin": 0, "StarFriend": 0, "Statues": 1}, {"UserName": "@@c08f317d47c8b78ff4b79113d7d05a3762431d134f127fb5956f669ee9ca343e", "City": "", "DisplayName": "", "UniFriend": 0, "MemberList": [], "PYQuanPin": "2017longyanzhaoshengzu", "RemarkPYInitial": "", "Sex": 0, "AppAccountFlag": 0, "VerifyFlag": 0, "Province": "", "KeyWord": "", "RemarkName": "", "PYInitial": "2017LYZSZ", "IsOwner": 0, "ChatRoomId": 0, "HideInputBarFlag": 0, "EncryChatRoomId": "", "AttrStatus": 0, "SnsFlag": 0, "MemberCount": 0, "OwnerUin": 0, "Alias": "", "Signature": "", "ContactFlag": 3, "NickName": "2017\u9f99\u5ca9\u62db\u751f\u7ec4", "RemarkPYQuanPin": "", "HeadImgUrl": "/cgi-bin/mmwebwx-bin/webwxgetheadimg?seq=658814910&username=@@c08f317d47c8b78ff4b79113d7d05a3762431d134f127fb5956f669ee9ca343e&skey=@crypt_b37f233_19e68de9a445b3dc6d7f40f37cacc0f4", "Uin": 0, "StarFriend": 0, "Statues": 1}, {"UserName": "@@42b1e972bf48a61a9aafaceb9c31129b0ce3666f8cb29a6cbf2fc1bb2c47e40c", "City": "", "DisplayName": "", "UniFriend": 0, "MemberList": [], "PYQuanPin": "longyanzaijingqingnianhuixinxijishufenqun", "RemarkPYInitial": "", "Sex": 0, "AppAccountFlag": 0, "VerifyFlag": 0, "Province": "", "KeyWord": "", "RemarkName": "", "PYInitial": "LYZJQNHXXJSFQ", "IsOwner": 0, "ChatRoomId": 0, "HideInputBarFlag": 0, "EncryChatRoomId": "", "AttrStatus": 0, "SnsFlag": 0, "MemberCount": 0, "OwnerUin": 0, "Alias": "", "Signature": "", "ContactFlag": 3, "NickName": "\u9f99\u5ca9\u5728\u4eac\u9752\u5e74\u6c47\u4fe1\u606f\u6280\u672f\u5206\u7fa4", "RemarkPYQuanPin": "", "HeadImgUrl": "/cgi-bin/mmwebwx-bin/webwxgetheadimg?seq=658912207&username=@@42b1e972bf48a61a9aafaceb9c31129b0ce3666f8cb29a6cbf2fc1bb2c47e40c&skey=@crypt_b37f233_19e68de9a445b3dc6d7f40f37cacc0f4", "Uin": 0, "StarFriend": 0, "Statues": 0}, {"UserName": "@@2f389888d3e3b0009e6d8e9dc3305be0eb9d2334dd22e5ff191f774fa1f51cf6", "City": "", "DisplayName": "", "UniFriend": 0, "MemberList": [], "PYQuanPin": "wodebeiwanglu", "RemarkPYInitial": "", "Sex": 0, "AppAccountFlag": 0, "VerifyFlag": 0, "Province": "", "KeyWord": "", "RemarkName": "", "PYInitial": "WDBWL", "IsOwner": 1, "ChatRoomId": 0, "HideInputBarFlag": 0, "EncryChatRoomId": "", "AttrStatus": 0, "SnsFlag": 0, "MemberCount": 0, "OwnerUin": 0, "Alias": "", "Signature": "", "ContactFlag": 2051, "NickName": "\u6211\u7684\u5907\u5fd8\u5f55", "RemarkPYQuanPin": "", "HeadImgUrl": "/cgi-bin/mmwebwx-bin/webwxgetheadimg?seq=633502266&username=@@2f389888d3e3b0009e6d8e9dc3305be0eb9d2334dd22e5ff191f774fa1f51cf6&skey=@crypt_b37f233_19e68de9a445b3dc6d7f40f37cacc0f4", "Uin": 0, "StarFriend": 0, "Statues": 1}, {"UserName": "@@c4e006a91c1df198fc220befa1f7b15f51849a6f3cb299f7b051f4b67df788ae", "City": "", "DisplayName": "", "UniFriend": 0, "MemberList": [], "PYQuanPin": "qinghuabeidalaoxiangzhijia", "RemarkPYInitial": "", "Sex": 0, "AppAccountFlag": 0, "VerifyFlag": 0, "Province": "", "KeyWord": "", "RemarkName": "", "PYInitial": "QHBDLXZJ", "IsOwner": 0, "ChatRoomId": 0, "HideInputBarFlag": 0, "EncryChatRoomId": "", "AttrStatus": 0, "SnsFlag": 0, "MemberCount": 0, "OwnerUin": 0, "Alias": "", "Signature": "", "ContactFlag": 3, "NickName": "\u6e05\u534e\u5317\u5927\u8001\u4e61\u4e4b\u5bb6", "RemarkPYQuanPin": "", "HeadImgUrl": "/cgi-bin/mmwebwx-bin/webwxgetheadimg?seq=658831997&username=@@c4e006a91c1df198fc220befa1f7b15f51849a6f3cb299f7b051f4b67df788ae&skey=@crypt_b37f233_19e68de9a445b3dc6d7f40f37cacc0f4", "Uin": 0, "StarFriend": 0, "Statues": 0}, {"UserName": "@@3eccb49e1491878df8f4aa296ca3c84788e0650d9ddead6cab1b9dd8d1423297", "City": "", "DisplayName": "", "UniFriend": 0, "MemberList": [], "PYQuanPin": "LLLLLZ", "RemarkPYInitial": "", "Sex": 0, "AppAccountFlag": 0, "VerifyFlag": 0, "Province": "", "KeyWord": "", "RemarkName": "", "PYInitial": "LLLLLZ", "IsOwner": 0, "ChatRoomId": 0, "HideInputBarFlag": 0, "EncryChatRoomId": "", "AttrStatus": 0, "SnsFlag": 0, "MemberCount": 0, "OwnerUin": 0, "Alias": "", "Signature": "", "ContactFlag": 3, "NickName": "LLLLLZ", "RemarkPYQuanPin": "", "HeadImgUrl": "/cgi-bin/mmwebwx-bin/webwxgetheadimg?seq=658855555&username=@@3eccb49e1491878df8f4aa296ca3c84788e0650d9ddead6cab1b9dd8d1423297&skey=@crypt_b37f233_19e68de9a445b3dc6d7f40f37cacc0f4", "Uin": 0, "StarFriend": 0, "Statues": 1}, {"UserName": "@@5e5c73f1dc95bc3ee05243007257705fe37f576784ad21ac2083c46c9aa3f392", "City": "", "DisplayName": "", "UniFriend": 0, "MemberList": [], "PYQuanPin": "longyanzaijingdaxueshenglianyihuishimingzhi", "RemarkPYInitial": "", "Sex": 0, "AppAccountFlag": 0, "VerifyFlag": 0, "Province": "", "KeyWord": "", "RemarkName": "", "PYInitial": "LYZJDXSLYHSMZ", "IsOwner": 0, "ChatRoomId": 0, "HideInputBarFlag": 0, "EncryChatRoomId": "", "AttrStatus": 0, "SnsFlag": 0, "MemberCount": 0, "OwnerUin": 0, "Alias": "", "Signature": "", "ContactFlag": 3, "NickName": "\u9f99\u5ca9\u5728\u4eac\u5927\u5b66\u751f\u8054\u8c0a\u4f1a(\u5b9e\u540d\u5236)", "RemarkPYQuanPin": "", "HeadImgUrl": "/cgi-bin/mmwebwx-bin/webwxgetheadimg?seq=674737151&username=@@5e5c73f1dc95bc3ee05243007257705fe37f576784ad21ac2083c46c9aa3f392&skey=@crypt_b37f233_19e68de9a445b3dc6d7f40f37cacc0f4", "Uin": 0, "StarFriend": 0, "Statues": 0}, {"UserName": "@@61498ef2f3bc3901695888e793f070d2a0c0dc4a51c3d31330d9fd2e52240029", "City": "", "DisplayName": "", "UniFriend": 0, "MemberList": [], "PYQuanPin": "yuanlaiyijiaren", "RemarkPYInitial": "", "Sex": 0, "AppAccountFlag": 0, "VerifyFlag": 0, "Province": "", "KeyWord": "", "RemarkName": "", "PYInitial": "YLYJR", "IsOwner": 0, "ChatRoomId": 0, "HideInputBarFlag": 0, "EncryChatRoomId": "", "AttrStatus": 0, "SnsFlag": 0, "MemberCount": 0, "OwnerUin": 0, "Alias": "", "Signature": "", "ContactFlag": 3, "NickName": "\u7f18\u6765\u4e00\u5bb6\u4eba", "RemarkPYQuanPin": "", "HeadImgUrl": "/cgi-bin/mmwebwx-bin/webwxgetheadimg?seq=674740708&username=@@61498ef2f3bc3901695888e793f070d2a0c0dc4a51c3d31330d9fd2e52240029&skey=@crypt_b37f233_19e68de9a445b3dc6d7f40f37cacc0f4", "Uin": 0, "StarFriend": 0, "Statues": 0}, {"UserName": "@@20a53e4e0354c04ece5cf819335cb7251f4023433a53fdc2a86a0fc053736e8c", "City": "", "DisplayName": "", "UniFriend": 0, "MemberList": [], "PYQuanPin": "beijinggaojiaowupingtongxianghui", "RemarkPYInitial": "", "Sex": 0, "AppAccountFlag": 0, "VerifyFlag": 0, "Province": "", "KeyWord": "", "RemarkName": "", "PYInitial": "BJGJWPTXH", "IsOwner": 0, "ChatRoomId": 0, "HideInputBarFlag": 0, "EncryChatRoomId": "", "AttrStatus": 0, "SnsFlag": 0, "MemberCount": 0, "OwnerUin": 0, "Alias": "", "Signature": "", "ContactFlag": 3, "NickName": "\u5317\u4eac\u9ad8\u6821\u6b66\u5e73\u540c\u4e61\u4f1a", "RemarkPYQuanPin": "", "HeadImgUrl": "/cgi-bin/mmwebwx-bin/webwxgetheadimg?seq=674742723&username=@@20a53e4e0354c04ece5cf819335cb7251f4023433a53fdc2a86a0fc053736e8c&skey=@crypt_b37f233_19e68de9a445b3dc6d7f40f37cacc0f4", "Uin": 0, "StarFriend": 0, "Statues": 0}, {"UserName": "@@53c3fccfc473f49dc60f3b01cc01bcfb9b09d1c7c112c89532a199743a112434", "City": "", "DisplayName": "", "UniFriend": 0, "MemberList": [], "PYQuanPin": "2018xingaidajiating", "RemarkPYInitial": "", "Sex": 0, "AppAccountFlag": 0, "VerifyFlag": 0, "Province": "", "KeyWord": "", "RemarkName": "", "PYInitial": "2018XGDJT", "IsOwner": 0, "ChatRoomId": 0, "HideInputBarFlag": 0, "EncryChatRoomId": "", "AttrStatus": 0, "SnsFlag": 0, "MemberCount": 0, "OwnerUin": 0, "Alias": "", "Signature": "", "ContactFlag": 3, "NickName": "2018\u5fc3\u6982\u5927\u5bb6\u5ead\u2299\u25bd\u2299", "RemarkPYQuanPin": "", "HeadImgUrl": "/cgi-bin/mmwebwx-bin/webwxgetheadimg?seq=674743956&username=@@53c3fccfc473f49dc60f3b01cc01bcfb9b09d1c7c112c89532a199743a112434&skey=@crypt_b37f233_19e68de9a445b3dc6d7f40f37cacc0f4", "Uin": 0, "StarFriend": 0, "Statues": 0}, {"UserName": "@@9e8cfbe42f7fdfbe7384ee2f11f56d3917224cfecb2dadd81c2dbfc7b58af31b", "City": "", "DisplayName": "", "UniFriend": 0, "MemberList": [], "PYQuanPin": "longyanzaijingqingnianhuiIqunzhujingtuangongwei", "RemarkPYInitial": "", "Sex": 0, "AppAccountFlag": 0, "VerifyFlag": 0, "Province": "", "KeyWord": "", "RemarkName": "", "PYInitial": "LYZJQNHIQZJTGW", "IsOwner": 0, "ChatRoomId": 0, "HideInputBarFlag": 0, "EncryChatRoomId": "", "AttrStatus": 0, "SnsFlag": 0, "MemberCount": 0, "OwnerUin": 0, "Alias": "", "Signature": "", "ContactFlag": 3, "NickName": "\u9f99\u5ca9\u5728\u4eac\u9752\u5e74\u6c47I\u7fa4\uff08\u9a7b\u4eac\u56e2\u5de5\u59d4\uff09", "RemarkPYQuanPin": "", "HeadImgUrl": "/cgi-bin/mmwebwx-bin/webwxgetheadimg?seq=674737108&username=@@9e8cfbe42f7fdfbe7384ee2f11f56d3917224cfecb2dadd81c2dbfc7b58af31b&skey=@crypt_b37f233_19e68de9a445b3dc6d7f40f37cacc0f4", "Uin": 0, "StarFriend": 0, "Statues": 0}, {"UserName": "@@836353f645655115bdc6010b9fb0d3d4efee10fbe5c50f6ccdab0a11a6233d24", "City": "", "DisplayName": "", "UniFriend": 0, "MemberList": [], "PYQuanPin": "kongziyulaozi2018", "RemarkPYInitial": "", "Sex": 0, "AppAccountFlag": 0, "VerifyFlag": 0, "Province": "", "KeyWord": "", "RemarkName": "", "PYInitial": "KZYLZ2018", "IsOwner": 0, "ChatRoomId": 0, "HideInputBarFlag": 0, "EncryChatRoomId": "", "AttrStatus": 0, "SnsFlag": 0, "MemberCount": 0, "OwnerUin": 0, "Alias": "", "Signature": "", "ContactFlag": 3, "NickName": "\u5b54\u5b50\u4e0e\u8001\u5b502018", "RemarkPYQuanPin": "", "HeadImgUrl": "/cgi-bin/mmwebwx-bin/webwxgetheadimg?seq=674747465&username=@@836353f645655115bdc6010b9fb0d3d4efee10fbe5c50f6ccdab0a11a6233d24&skey=@crypt_b37f233_19e68de9a445b3dc6d7f40f37cacc0f4", "Uin": 0, "StarFriend": 0, "Statues": 0}]